0 0.9156249761581421 0.41296297311782837 0.918749988079071 0.41296297311782837 0.9197916388511658 0.4148148000240326 0.9229166507720947 0.4148148000240326 0.9239583611488342 0.4166666567325592 0.9270833134651184 0.4166666567325592 0.9281250238418579 0.4185185134410858 0.9312499761581421 0.4185185134410858 0.9322916865348816 0.4203703701496124 0.9364583492279053 0.4203703701496124 0.9375 0.42222222685813904 0.9468749761581421 0.42222222685813904 0.9479166865348816 0.42407408356666565 0.9583333134651184 0.42407408356666565 0.9593750238418579 0.42592594027519226 0.9677083492279053 0.42592594027519226 0.96875 0.4277777671813965 0.9729166626930237 0.4277777671813965 0.9739583134651184 0.4296296238899231 0.9791666865348816 0.4296296238899231 0.9802083373069763 0.4314814805984497 0.9864583611488342 0.4314814805984497 0.987500011920929 0.4333333373069763 0.9927083253860474 0.4333333373069763 0.9937499761581421 0.43518519401550293 0.9989583492279053 0.43518519401550293 0.9989583492279053 0.4333333373069763 0.9979166388511658 0.4314814805984497 0.9937499761581421 0.4314814805984497 0.9927083253860474 0.4296296238899231 0.984375 0.4296296238899231 0.9833333492279053 0.4277777671813965 0.9760416746139526 0.4277777671813965 0.9750000238418579 0.42592594027519226 0.9697916507720947 0.42592594027519226 0.96875 0.42407408356666565 0.9604166746139526 0.42407408356666565 0.9593750238418579 0.42222222685813904 0.9541666507720947 0.42222222685813904 0.953125 0.4203703701496124 0.9458333253860474 0.4203703701496124 0.9447916746139526 0.4185185134410858 0.9385416507720947 0.4185185134410858 0.9375 0.4166666567325592 0.9302083253860474 0.4166666567325592 0.9291666746139526 0.4148148000240326 0.921875 0.4148148000240326 0.9208333492279053 0.41296297311782837
0 0.0833333358168602 0.36666667461395264 0.07604166865348816 0.36666667461395264 0.07500000298023224 0.36851853132247925 0.06562499701976776 0.36851853132247925 0.06458333134651184 0.37037035822868347 0.05000000074505806 0.37037035822868347 0.04895833507180214 0.3722222149372101 0.04479166492819786 0.3722222149372101 0.04374999925494194 0.3740740716457367 0.0364583320915699 0.3740740716457367 0.03541666641831398 0.3759259283542633 0.03437500074505806 0.3759259283542633 0.03333333507180214 0.3740740716457367 0.02812499925494194 0.3740740716457367 0.02708333358168602 0.3722222149372101 0.02604166604578495 0.3722222149372101 0.02500000037252903 0.3740740716457367 0.00937500037252903 0.3740740716457367 0.008333333767950535 0.3759259283542633 0.0 0.3759259283542633 0.0 0.3907407522201538 0.0010416667209938169 0.3907407522201538 0.0020833334419876337 0.3888888955116272 0.008333333767950535 0.3888888955116272 0.00937500037252903 0.3870370388031006 0.010416666977107525 0.3870370388031006 0.012500000186264515 0.38333332538604736 0.01770833320915699 0.38333332538604736 0.01875000074505806 0.385185182094574 0.01979166641831398 0.385185182094574 0.02083333395421505 0.38333332538604736 0.02604166604578495 0.38333332538604736 0.02812499925494194 0.37962964177131653 0.03229166567325592 0.37962964177131653 0.03333333507180214 0.3777777850627899 0.0364583320915699 0.3777777850627899 0.03750000149011612 0.3759259283542633 0.04479166492819786 0.3759259283542633 0.04583333432674408 0.3740740716457367 0.05520833283662796 0.3740740716457367 0.05624999850988388 0.3722222149372101 0.0625 0.3722222149372101 0.06354166567325592 0.37037035822868347 0.06979166716337204 0.37037035822868347 0.07083333283662796 0.36851853132247925 0.07187499850988388 0.37037035822868347 0.0729166641831398 0.36851853132247925 0.07708333432674408 0.36851853132247925 0.078125 0.36666667461395264
0 0.7416666746139526 0.3611111044883728 0.7479166388511658 0.3611111044883728 0.7489583492279053 0.3629629611968994 0.75 0.3629629611968994 0.7510416507720947 0.3611111044883728 0.7520833611488342 0.3629629611968994 0.7552083134651184 0.3629629611968994 0.7562500238418579 0.364814817905426 0.7593749761581421 0.364814817905426 0.7604166865348816 0.36666667461395264 0.7593749761581421 0.36851853132247925 0.7583333253860474 0.36851853132247925 0.7572916746139526 0.37037035822868347 0.7572916746139526 0.3722222149372101 0.7708333134651184 0.3722222149372101 0.7718750238418579 0.37037035822868347 0.7958333492279053 0.37037035822868347 0.793749988079071 0.37037035822868347 0.7927083373069763 0.36851853132247925 0.793749988079071 0.36666667461395264 0.815625011920929 0.36666667461395264 0.8166666626930237 0.36851853132247925 0.8270833492279053 0.36851853132247925 0.828125 0.37037035822868347 0.8354166746139526 0.37037035822868347 0.8343750238418579 0.37037035822868347 0.8333333134651184 0.36851853132247925 0.8343750238418579 0.36666667461395264 0.8354166746139526 0.36666667461395264 0.8343750238418579 0.36666667461395264 0.8333333134651184 0.364814817905426 0.815625011920929 0.364814817905426 0.8145833611488342 0.3629629611968994 0.8083333373069763 0.3629629611968994 0.8072916865348816 0.3611111044883728 0.7927083373069763 0.3611111044883728 0.7916666865348816 0.3592592477798462 0.784375011920929 0.3592592477798462 0.7833333611488342 0.35740742087364197 0.7697916626930237 0.35740742087364197 0.7708333134651184 0.35740742087364197 0.7718750238418579 0.3592592477798462 0.7708333134651184 0.3611111044883728 0.765625 0.3611111044883728 0.7645833492279053 0.3592592477798462 0.7541666626930237 0.3592592477798462 0.753125011920929 0.3611111044883728
0 0.893750011920929 0.35370370745658875 0.8947916626930237 0.35555556416511536 0.8989583253860474 0.35555556416511536 0.8999999761581421 0.35740742087364197 0.9083333611488342 0.35740742087364197 0.909375011920929 0.3592592477798462 0.9083333611488342 0.3611111044883728 0.9020833373069763 0.3611111044883728 0.9083333611488342 0.3611111044883728 0.909375011920929 0.3592592477798462 0.9145833253860474 0.3592592477798462 0.9156249761581421 0.3629629611968994 0.9312499761581421 0.3629629611968994 0.9322916865348816 0.364814817905426 0.9479166865348816 0.364814817905426 0.9489583373069763 0.36666667461395264 0.9739583134651184 0.36666667461395264 0.9750000238418579 0.36851853132247925 0.9937499761581421 0.36851853132247925 0.9947916865348816 0.37037035822868347 0.9989583492279053 0.37037035822868347 0.9989583492279053 0.36666667461395264 0.9979166388511658 0.364814817905426 0.984375 0.364814817905426 0.9833333492279053 0.3629629611968994 0.9760416746139526 0.3629629611968994 0.9750000238418579 0.3611111044883728 0.9572916626930237 0.3611111044883728 0.956250011920929 0.3592592477798462 0.9395833611488342 0.3592592477798462 0.9385416507720947 0.35740742087364197 0.9270833134651184 0.35740742087364197 0.9260416626930237 0.35555556416511536 0.9177083373069763 0.35555556416511536 0.9166666865348816 0.35370370745658875
0 0.27291667461395264 0.35370370745658875 0.27395832538604736 0.35555556416511536 0.2750000059604645 0.35555556416511536 0.2770833373069763 0.3592592477798462 0.2760416567325592 0.3611111044883728 0.2770833373069763 0.3592592477798462 0.27812498807907104 0.3592592477798462 0.27916666865348816 0.3611111044883728 0.2802083194255829 0.3592592477798462 0.28125 0.3592592477798462 0.2822916805744171 0.3611111044883728 0.28333333134651184 0.3592592477798462 0.2874999940395355 0.3592592477798462 0.28854167461395264 0.35740742087364197 0.28958332538604736 0.35740742087364197 0.2864583432674408 0.35740742087364197 0.2854166626930237 0.35555556416511536 0.2802083194255829 0.35555556416511536 0.27812498807907104 0.35185185074806213 0.27395832538604736 0.35185185074806213
0 0.06041666492819786 0.35185185074806213 0.05937499925494194 0.3499999940395355 0.05624999850988388 0.3499999940395355 0.05520833283662796 0.35185185074806213 0.04583333432674408 0.35185185074806213 0.04479166492819786 0.35370370745658875 0.03750000149011612 0.35370370745658875 0.0364583320915699 0.35555556416511536 0.02395833283662796 0.35555556416511536 0.02291666716337204 0.35740742087364197 0.014583333395421505 0.35740742087364197 0.01354166679084301 0.3592592477798462 0.0031250000465661287 0.3592592477798462 0.0020833334419876337 0.3611111044883728 0.0 0.3611111044883728 0.0 0.3629629611968994 0.0062500000931322575 0.3629629611968994 0.0072916666977107525 0.364814817905426 0.02708333358168602 0.364814817905426 0.02812499925494194 0.3629629611968994 0.03333333507180214 0.3629629611968994 0.03437500074505806 0.3611111044883728 0.04791666567325592 0.3611111044883728 0.03541666641831398 0.3611111044883728 0.03437500074505806 0.3592592477798462 0.03541666641831398 0.35740742087364197 0.03854166716337204 0.35740742087364197 0.03958333283662796 0.35555556416511536 0.04479166492819786 0.35555556416511536 0.04583333432674408 0.35370370745658875 0.05312500149011612 0.35370370745658875 0.05416666716337204 0.35185185074806213
0 0.1875 0.3462963104248047 0.1822916716337204 0.3462963104248047 0.18125000596046448 0.3481481373310089 0.16770833730697632 0.3481481373310089 0.17083333432674408 0.35185185074806213 0.17083333432674408 0.35555556416511536 0.171875 0.35740742087364197 0.16979166865348816 0.3592592477798462 0.16770833730697632 0.364814817905426 0.16562500596046448 0.36666667461395264 0.1614583283662796 0.36666667461395264 0.15937499701976776 0.36851853132247925 0.16041666269302368 0.37037035822868347 0.15729166567325592 0.3740740716457367 0.1510416716337204 0.3740740716457367 0.15000000596046448 0.3722222149372101 0.15000000596046448 0.37037035822868347 0.15416666865348816 0.36666667461395264 0.15625 0.3629629611968994 0.15520833432674408 0.3629629611968994 0.1510416716337204 0.36851853132247925 0.14791665971279144 0.36851853132247925 0.14687499403953552 0.37037035822868347 0.14374999701976776 0.37037035822868347 0.14270833134651184 0.3722222149372101 0.13958333432674408 0.3722222149372101 0.13854166865348816 0.3740740716457367 0.1354166716337204 0.3740740716457367 0.13437500596046448 0.3759259283542633 0.13124999403953552 0.3759259283542633 0.1302083283662796 0.3777777850627899 0.12708333134651184 0.3777777850627899 0.12604166567325592 0.37962964177131653 0.12187500298023224 0.37962964177131653 0.12083332985639572 0.38148146867752075 0.11666666716337204 0.38148146867752075 0.11562500149011612 0.38333332538604736 0.10312499850988388 0.38333332538604736 0.10208333283662796 0.385185182094574 0.0989583358168602 0.385185182094574 0.09791667014360428 0.3870370388031006 0.09270833432674408 0.3888888955116272 0.1041666641831398 0.3888888955116272 0.10520832985639572 0.3870370388031006 0.11145833134651184 0.3870370388031006 0.11249999701976776 0.385185182094574 0.1145833358168602 0.385185182094574 0.11562500149011612 0.3870370388031006 0.11874999850988388 0.3870370388031006 0.1197916641831398 0.385185182094574 0.12395833432674408 0.385185182094574 0.125 0.38333332538604736 0.1302083283662796 0.38333332538604736 0.12812499701976776 0.38148146867752075 0.12916666269302368 0.37962964177131653 0.13229165971279144 0.37962964177131653 0.13333334028720856 0.38148146867752075 0.13958333432674408 0.38148146867752075 0.140625 0.37962964177131653 0.14374999701976776 0.37962964177131653 0.14479166269302368 0.38148146867752075 0.14791665971279144 0.3777777850627899 0.15208333730697632 0.3777777850627899 0.15312500298023224 0.3759259283542633 0.15625 0.3759259283542633 0.15729166567325592 0.3740740716457367 0.16249999403953552 0.3722222149372101 0.16458334028720856 0.36851853132247925 0.16875000298023224 0.364814817905426 0.17083333432674408 0.364814817905426 0.1770833283662796 0.35555556416511536 0.18020834028720856 0.35555556416511536 0.18125000596046448 0.35370370745658875 0.18645833432674408 0.35185185074806213 0.18541666865348816 0.3499999940395355
0 0.10000000149011612 0.34259259700775146 0.08541666716337204 0.34259259700775146 0.08437500149011612 0.3444444537162781 0.07604166865348816 0.3444444537162781 0.07500000298023224 0.3462963104248047 0.06666667014360428 0.3462963104248047 0.06562499701976776 0.3481481373310089 0.08541666716337204 0.3481481373310089 0.08645833283662796 0.3462963104248047 0.08749999850988388 0.3462963104248047 0.0885416641831398 0.3481481373310089 0.0885416641831398 0.3462963104248047 0.08645833283662796 0.3462963104248047 0.08541666716337204 0.3444444537162781 0.08645833283662796 0.34259259700775146
0 0.0416666679084301 0.33888888359069824 0.02604166604578495 0.33888888359069824 0.02500000037252903 0.34074074029922485 0.01145833358168602 0.34074074029922485 0.010416666977107525 0.34259259700775146 0.0020833334419876337 0.34259259700775146 0.0010416667209938169 0.3444444537162781 0.0 0.3444444537162781 0.0 0.35185185074806213 0.0020833334419876337 0.35185185074806213 0.0031250000465661287 0.3499999940395355 0.0052083334885537624 0.3499999940395355 0.0020833334419876337 0.3499999940395355 0.0010416667209938169 0.3481481373310089 0.0020833334419876337 0.3462963104248047 0.008333333767950535 0.3462963104248047 0.00937500037252903 0.3444444537162781 0.02083333395421505 0.3444444537162781 0.02187499962747097 0.34259259700775146 0.03229166567325592 0.34259259700775146 0.03125 0.34074074029922485 0.03229166567325592 0.33888888359069824 0.03437500074505806 0.33888888359069824 0.03541666641831398 0.34074074029922485 0.0416666679084301 0.34074074029922485
0 0.22291666269302368 0.33703702688217163 0.21250000596046448 0.33703702688217163 0.21145834028720856 0.33888888359069824 0.19895833730697632 0.33888888359069824 0.1979166716337204 0.34074074029922485 0.18437500298023224 0.34074074029922485 0.18333333730697632 0.34259259700775146 0.17604166269302368 0.34259259700775146 0.17499999701976776 0.34074074029922485 0.17499999701976776 0.33888888359069824 0.17083333432674408 0.33888888359069824 0.16979166865348816 0.34074074029922485 0.16562500596046448 0.34074074029922485 0.16458334028720856 0.34259259700775146 0.15833333134651184 0.34259259700775146 0.15729166567325592 0.3444444537162781 0.15000000596046448 0.3444444537162781 0.16770833730697632 0.3444444537162781 0.16875000298023224 0.34259259700775146 0.16979166865348816 0.34259259700775146 0.17083333432674408 0.3444444537162781 0.18020834028720856 0.3444444537162781 0.18125000596046448 0.34259259700775146 0.18645833432674408 0.34259259700775146 0.1875 0.34074074029922485 0.19895833730697632 0.34074074029922485 0.20000000298023224 0.33888888359069824 0.21875 0.33888888359069824 0.21979166567325592 0.33703702688217163
0 0.2697916626930237 0.3462963104248047 0.2718749940395355 0.3462963104248047 0.27291667461395264 0.3481481373310089 0.28854167461395264 0.3481481373310089 0.28958332538604736 0.3462963104248047 0.2906250059604645 0.3481481373310089 0.3072916567325592 0.3499999940395355 0.30937498807907104 0.3444444537162781 0.31458333134651184 0.3444444537162781 0.3166666626930237 0.34259259700775146 0.3187499940395355 0.3462963104248047 0.31458333134651184 0.3499999940395355 0.31562501192092896 0.35185185074806213 0.3177083432674408 0.35185185074806213 0.3187499940395355 0.3499999940395355 0.3239583373069763 0.3499999940395355 0.32499998807907104 0.3481481373310089 0.3499999940395355 0.3481481373310089 0.3531250059604645 0.3444444537162781 0.359375 0.3444444537162781 0.35729166865348816 0.34259259700775146 0.35208332538604736 0.34259259700775146 0.35104167461395264 0.34074074029922485 0.35208332538604736 0.33703702688217163 0.3531250059604645 0.33888888359069824 0.35624998807907104 0.33888888359069824 0.3552083373069763 0.33703702688217163 0.35624998807907104 0.3351851999759674 0.359375 0.33703702688217163 0.36145833134651184 0.3333333432674408 0.36770832538604736 0.3351851999759674 0.36666667461395264 0.3333333432674408 0.35624998807907104 0.3333333432674408 0.3552083373069763 0.3351851999759674 0.35208332538604736 0.3351851999759674 0.3499999940395355 0.3333333432674408 0.3479166626930237 0.33703702688217163 0.3385416567325592 0.33888888359069824 0.3375000059604645 0.34074074029922485 0.32499998807907104 0.34074074029922485 0.3239583373069763 0.34259259700775146 0.3187499940395355 0.34259259700775146 0.3177083432674408 0.3444444537162781 0.3166666626930237 0.34259259700775146 0.3135416805744171 0.34259259700775146 0.3125 0.3444444537162781 0.29479166865348816 0.3444444537162781 0.29374998807907104 0.3462963104248047 0.2927083373069763 0.3444444537162781 0.2906250059604645 0.3462963104248047 0.28958332538604736 0.3444444537162781 0.2854166626930237 0.3444444537162781 0.28437501192092896 0.34259259700775146 0.2854166626930237 0.34074074029922485 0.3020833432674408 0.33888888359069824 0.3031249940395355 0.33703702688217163 0.30520832538604736 0.33703702688217163 0.3031249940395355 0.3351851999759674 0.3020833432674408 0.33703702688217163 0.30000001192092896 0.33703702688217163 0.29895833134651184 0.3351851999759674 0.30000001192092896 0.3333333432674408 0.296875 0.33703702688217163 0.2864583432674408 0.33703702688217163 0.2854166626930237 0.33888888359069824 0.27916666865348816 0.33888888359069824 0.27395832538604736 0.3444444537162781
0 0.5249999761581421 0.32777777314186096 0.5239583253860474 0.3296296298503876 0.5229166746139526 0.32777777314186096 0.5218750238418579 0.32777777314186096 0.5218750238418579 0.3296296298503876 0.5208333134651184 0.3314814865589142 0.5197916626930237 0.3314814865589142 0.518750011920929 0.3333333432674408 0.5177083611488342 0.3333333432674408 0.5166666507720947 0.3314814865589142 0.5177083611488342 0.3296296298503876 0.5166666507720947 0.3314814865589142 0.515625 0.3314814865589142 0.5166666507720947 0.3314814865589142 0.5177083611488342 0.3333333432674408 0.5166666507720947 0.3351851999759674 0.5135416388511658 0.3351851999759674 0.512499988079071 0.33703702688217163 0.5052083134651184 0.33703702688217163 0.5041666626930237 0.33888888359069824 0.5010416507720947 0.33888888359069824 0.5041666626930237 0.33888888359069824 0.5052083134651184 0.34074074029922485 0.5041666626930237 0.34259259700775146 0.5 0.34259259700775146 0.512499988079071 0.34259259700775146 0.5135416388511658 0.34074074029922485 0.5208333134651184 0.34074074029922485 0.5218750238418579 0.34259259700775146 0.5218750238418579 0.3444444537162781 0.5208333134651184 0.3462963104248047 0.5208333134651184 0.3481481373310089 0.5197916626930237 0.3499999940395355 0.5197916626930237 0.35185185074806213 0.5208333134651184 0.3499999940395355 0.5208333134651184 0.3462963104248047 0.5218750238418579 0.3444444537162781 0.5218750238418579 0.34259259700775146 0.5229166746139526 0.34074074029922485 0.5177083611488342 0.34074074029922485 0.5166666507720947 0.33888888359069824 0.515625 0.33888888359069824 0.5145833492279053 0.33703702688217163 0.515625 0.3351851999759674 0.5208333134651184 0.3351851999759674 0.5218750238418579 0.33703702688217163 0.5229166746139526 0.33703702688217163 0.5239583253860474 0.3351851999759674 0.5239583253860474 0.3333333432674408 0.5249999761581421 0.3314814865589142
0 0.7166666388511658 0.38148146867752075 0.6625000238418579 0.35370370745658875 0.6875 0.3462963104248047 0.5947916507720947 0.32592591643333435 0.534375011920929 0.33703702688217163 0.5114583373069763 0.36851853132247925 0.4645833373069763 0.3722222149372101 0.46875 0.35370370745658875 0.43020832538604736 0.3462963104248047 0.4791666567325592 0.34259259700775146 0.45625001192092896 0.3296296298503876 0.4312500059604645 0.3444444537162781 0.36250001192092896 0.33888888359069824 0.36770832538604736 0.3444444537162781 0.3552083373069763 0.3592592477798462 0.28333333134651184 0.36851853132247925 0.31458333134651184 0.3759259283542633 0.2822916805744171 0.385185182094574 0.2447916716337204 0.38148146867752075 0.265625 0.3740740716457367 0.2614583373069763 0.3611111044883728 0.24895833432674408 0.3777777850627899 0.2135416716337204 0.38148146867752075 0.20520833134651184 0.39814814925193787 0.14687499403953552 0.40740740299224854 0.16875000298023224 0.385185182094574 0.1510416716337204 0.39814814925193787 0.13229165971279144 0.39444443583488464 0.13750000298023224 0.385185182094574 0.11145833134651184 0.39444443583488464 0.14270833134651184 0.4000000059604645 0.11145833134651184 0.4166666567325592 0.14270833134651184 0.4203703701496124 0.06875000149011612 0.43888887763023376 0.20729166269302368 0.41296297311782837 0.17395833134651184 0.41111111640930176 0.21145834028720856 0.39259257912635803 0.265625 0.3907407522201538 0.23645833134651184 0.4055555462837219 0.3072916567325592 0.39444443583488464 0.3218750059604645 0.3777777850627899 0.3166666626930237 0.3740740716457367 0.3687500059604645 0.35740742087364197 0.3802083432674408 0.38333332538604736 0.4072916805744171 0.385185182094574 0.45625001192092896 0.4555555582046509 0.5947916507720947 0.47592592239379883 0.6041666865348816 0.45370370149612427 0.643750011920929 0.4481481611728668 0.546875 0.39444443583488464 0.5531250238418579 0.38148146867752075 0.5916666388511658 0.37037035822868347
0 0.0 0.3296296298503876 0.0 0.3314814865589142 0.03125 0.3314814865589142 0.03229166567325592 0.3333333432674408 0.04374999925494194 0.3314814865589142 0.04895833507180214 0.3333333432674408 0.046875 0.3314814865589142 0.04791666567325592 0.3296296298503876 0.05937499925494194 0.3296296298503876 0.06041666492819786 0.32777777314186096 0.0625 0.3296296298503876 0.06354166567325592 0.32777777314186096 0.06458333134651184 0.3296296298503876 0.08645833283662796 0.3314814865589142 0.09479166567325592 0.3351851999759674 0.12604166567325592 0.3333333432674408 0.1197916641831398 0.3314814865589142 0.08749999850988388 0.3333333432674408 0.08645833283662796 0.3314814865589142 0.08749999850988388 0.3296296298503876 0.10104166716337204 0.3296296298503876 0.10208333283662796 0.32777777314186096 0.12812499701976776 0.32777777314186096 0.1302083283662796 0.3314814865589142 0.1510416716337204 0.3314814865589142 0.14687499403953552 0.3296296298503876 0.14791665971279144 0.32777777314186096 0.1458333283662796 0.32592591643333435 0.14895834028720856 0.32407405972480774 0.13750000298023224 0.32592591643333435 0.13645833730697632 0.32407405972480774 0.13437500596046448 0.3296296298503876 0.11874999850988388 0.32777777314186096 0.11770833283662796 0.32592591643333435 0.11666666716337204 0.32777777314186096 0.11562500149011612 0.32592591643333435 0.09270833432674408 0.32592591643333435 0.09166666865348816 0.32777777314186096 0.0833333358168602 0.32777777314186096 0.08437500149011612 0.3296296298503876 0.0833333358168602 0.3314814865589142 0.06666667014360428 0.32592591643333435 0.06145833432674408 0.32592591643333435 0.05833333358168602 0.3296296298503876 0.03750000149011612 0.32777777314186096 0.04062499850988388 0.3314814865589142 0.03750000149011612 0.3333333432674408 0.03125 0.3296296298503876 0.02708333358168602 0.3314814865589142 0.02604166604578495 0.3296296298503876 0.02812499925494194 0.32407405972480774 0.02291666716337204 0.3222222328186035 0.01875000074505806 0.32407405972480774 0.01770833320915699 0.32777777314186096 0.014583333395421505 0.32592591643333435 0.01354166679084301 0.32777777314186096
0 0.621874988079071 0.3222222328186035 0.6302083134651184 0.3222222328186035 0.6312500238418579 0.32407405972480774 0.6385416388511658 0.32407405972480774 0.6395833492279053 0.32592591643333435 0.6385416388511658 0.32777777314186096 0.637499988079071 0.32777777314186096 0.6385416388511658 0.32777777314186096 0.6395833492279053 0.3296296298503876 0.640625 0.32777777314186096 0.6468750238418579 0.32777777314186096 0.6479166746139526 0.3296296298503876 0.6489583253860474 0.3296296298503876 0.6499999761581421 0.3314814865589142 0.6510416865348816 0.3296296298503876 0.6479166746139526 0.3296296298503876 0.6468750238418579 0.32777777314186096 0.6427083611488342 0.32777777314186096 0.6416666507720947 0.32592591643333435 0.6395833492279053 0.32592591643333435 0.6385416388511658 0.32407405972480774 0.6395833492279053 0.3222222328186035 0.6583333611488342 0.3222222328186035 0.6520833373069763 0.3222222328186035 0.6510416865348816 0.3203703761100769 0.637499988079071 0.3203703761100769 0.6364583373069763 0.3185185194015503 0.6354166865348816 0.3203703761100769 0.6343749761581421 0.3185185194015503 0.6312500238418579 0.3185185194015503 0.6302083134651184 0.3203703761100769 0.6260416507720947 0.3203703761100769 0.625 0.3222222328186035
0 0.5364583134651184 0.3185185194015503 0.5458333492279053 0.3185185194015503 0.546875 0.3203703761100769 0.5697916746139526 0.3203703761100769 0.5708333253860474 0.3222222328186035 0.578125 0.3222222328186035 0.5791666507720947 0.3203703761100769 0.6041666865348816 0.3203703761100769 0.6031249761581421 0.3203703761100769 0.6020833253860474 0.3185185194015503
0 0.1510416716337204 0.32407405972480774 0.15208333730697632 0.32407405972480774 0.15312500298023224 0.32592591643333435 0.15208333730697632 0.32777777314186096 0.15312500298023224 0.32777777314186096 0.15416666865348816 0.32592591643333435 0.15520833432674408 0.32777777314186096 0.15625 0.32777777314186096 0.15729166567325592 0.32592591643333435 0.17604166269302368 0.32592591643333435 0.1770833283662796 0.32407405972480774 0.17812499403953552 0.32592591643333435 0.18020834028720856 0.32592591643333435 0.18125000596046448 0.32407405972480774 0.18333333730697632 0.32407405972480774 0.1822916716337204 0.32407405972480774 0.18125000596046448 0.3222222328186035 0.1822916716337204 0.3203703761100769 0.18437500298023224 0.3203703761100769 0.18541666865348816 0.3222222328186035 0.18645833432674408 0.3203703761100769 0.19166666269302368 0.3203703761100769 0.19374999403953552 0.32407405972480774 0.20000000298023224 0.32407405972480774 0.20104166865348816 0.3222222328186035 0.203125 0.3222222328186035 0.20416666567325592 0.3203703761100769 0.20000000298023224 0.3203703761100769 0.19895833730697632 0.3222222328186035 0.19583334028720856 0.3222222328186035 0.19479165971279144 0.3203703761100769 0.19166666269302368 0.3203703761100769 0.19062499701976776 0.3185185194015503 0.18958333134651184 0.3185185194015503 0.18854166567325592 0.3203703761100769 0.1875 0.3185185194015503 0.18645833432674408 0.3203703761100769 0.17604166269302368 0.3203703761100769 0.17499999701976776 0.3185185194015503 0.17395833134651184 0.3185185194015503 0.17499999701976776 0.3185185194015503 0.17604166269302368 0.3203703761100769 0.17499999701976776 0.3222222328186035 0.17395833134651184 0.3222222328186035 0.17395833134651184 0.32407405972480774 0.17291666567325592 0.32592591643333435 0.17083333432674408 0.32592591643333435 0.16979166865348816 0.32407405972480774 0.17083333432674408 0.3222222328186035 0.16875000298023224 0.32592591643333435 0.16770833730697632 0.32407405972480774 0.1666666716337204 0.32592591643333435 0.16458334028720856 0.32592591643333435 0.16354165971279144 0.32407405972480774
0 0.2239583283662796 0.3166666626930237 0.2291666716337204 0.3166666626930237 0.23125000298023224 0.3203703761100769 0.24062499403953552 0.3203703761100769 0.2395833283662796 0.3203703761100769 0.23854166269302368 0.3185185194015503 0.23645833134651184 0.3185185194015503 0.234375 0.31481480598449707 0.2291666716337204 0.31481480598449707 0.22812500596046448 0.31296294927597046 0.22708334028720856 0.31481480598449707 0.22604165971279144 0.31481480598449707 0.22499999403953552 0.3166666626930237
0 0.24375000596046448 0.31296294927597046 0.24583333730697632 0.31481480598449707 0.2510416805744171 0.31296294927597046 0.25312501192092896 0.3166666626930237 0.2447916716337204 0.3203703761100769 0.24791666865348816 0.3185185194015503 0.25 0.3203703761100769 0.2927083373069763 0.3185185194015503 0.2979166805744171 0.3203703761100769 0.29895833134651184 0.3222222328186035 0.296875 0.32407405972480774 0.30416667461395264 0.3222222328186035 0.3072916567325592 0.3185185194015503 0.3114583194255829 0.3203703761100769 0.31979167461395264 0.3185185194015503 0.32083332538604736 0.3203703761100769 0.3270833194255829 0.3203703761100769 0.33125001192092896 0.32407405972480774 0.375 0.3222222328186035 0.3604166805744171 0.31481480598449707 0.35208332538604736 0.31481480598449707 0.35104167461395264 0.31296294927597046 0.3239583373069763 0.31481480598449707 0.3229166567325592 0.31296294927597046 0.3020833432674408 0.31111112236976624 0.3010416626930237 0.3092592656612396 0.2510416805744171 0.307407408952713 0.26875001192092896 0.3092592656612396 0.2697916626930237 0.31111112236976624 0.3072916567325592 0.31111112236976624 0.31041666865348816 0.31481480598449707 0.3135416805744171 0.31481480598449707 0.31458333134651184 0.3166666626930237 0.3135416805744171 0.3185185194015503 0.2979166805744171 0.3185185194015503 0.296875 0.3203703761100769 0.29374998807907104 0.3185185194015503 0.27812498807907104 0.3185185194015503 0.2770833373069763 0.3166666626930237 0.2614583373069763 0.3166666626930237 0.2510416805744171 0.31296294927597046 0.24583333730697632 0.31481480598449707
1 0.03020833246409893 0.9777777791023254 0.02916666679084301 0.9759259223937988 0.02812499925494194 0.9777777791023254 0.02708333358168602 0.9777777791023254 0.02500000037252903 0.9814814925193787 0.02395833283662796 0.9814814925193787 0.02291666716337204 0.9833333492279053 0.02187499962747097 0.9833333492279053 0.01979166641831398 0.9870370626449585 0.01875000074505806 0.9870370626449585 0.01354166679084301 0.9962962865829468 0.015625 0.9925925731658936 0.01666666753590107 0.9925925731658936 0.01770833320915699 0.9907407164573669 0.01875000074505806 0.9907407164573669 0.01979166641831398 0.9888888597488403 0.02083333395421505 0.9888888597488403 0.02187499962747097 0.9870370626449585 0.02291666716337204 0.9870370626449585 0.02500000037252903 0.9833333492279053 0.02604166604578495 0.9833333492279053 0.02812499925494194 0.979629635810852 0.02916666679084301 0.979629635810852
1 0.9677083492279053 0.9314814805984497 0.9677083492279053 0.9333333373069763 0.96875 0.9351851940155029 0.9677083492279053 0.9370370507240295 0.9677083492279053 0.9388889074325562 0.9697916507720947 0.9425926208496094 0.971875011920929 0.9425926208496094 0.9729166626930237 0.9444444179534912 0.9760416746139526 0.9444444179534912 0.9770833253860474 0.9462962746620178 0.981249988079071 0.9462962746620178 0.981249988079071 0.9444444179534912 0.9791666865348816 0.9407407641410828 0.9781249761581421 0.9407407641410828 0.9770833253860474 0.9388889074325562 0.9770833253860474 0.9370370507240295 0.9760416746139526 0.9351851940155029 0.9750000238418579 0.9351851940155029 0.9739583134651184 0.9333333373069763 0.9708333611488342 0.9333333373069763 0.9697916507720947 0.9314814805984497
1 0.981249988079071 0.9166666865348816 0.9854166507720947 0.9240740537643433 0.9854166507720947 0.9277777671813965 0.9864583611488342 0.9296296238899231 0.9854166507720947 0.9314814805984497 0.984375 0.9314814805984497 0.9833333492279053 0.9333333373069763 0.984375 0.9351851940155029 0.9854166507720947 0.9351851940155029 0.987500011920929 0.9388889074325562 0.9885416626930237 0.9388889074325562 0.9895833134651184 0.9407407641410828 0.9906250238418579 0.9407407641410828 0.9916666746139526 0.9425926208496094 0.9916666746139526 0.9481481313705444 0.9927083253860474 0.949999988079071 0.996874988079071 0.949999988079071 0.9979166388511658 0.9518518447875977 0.9989583492279053 0.9518518447875977 0.9989583492279053 0.9296296238899231 0.9979166388511658 0.9296296238899231 0.9958333373069763 0.9259259104728699 0.9947916865348816 0.9259259104728699 0.9937499761581421 0.9240740537643433 0.9927083253860474 0.9240740537643433 0.9916666746139526 0.9222221970558167 0.9906250238418579 0.9222221970558167 0.9895833134651184 0.9203703999519348 0.987500011920929 0.9203703999519348 0.9864583611488342 0.9185185432434082 0.9854166507720947 0.9185185432434082 0.984375 0.9166666865348816
1 0.9427083134651184 0.770370364189148 0.9447916746139526 0.7740740776062012 0.9458333253860474 0.7740740776062012 0.9468749761581421 0.7759259343147278 0.9489583373069763 0.7759259343147278 0.949999988079071 0.7777777910232544 0.9510416388511658 0.7777777910232544 0.9520833492279053 0.779629647731781 0.9541666507720947 0.779629647731781 0.9552083611488342 0.7814815044403076 0.956250011920929 0.7814815044403076 0.9572916626930237 0.7833333611488342 0.9604166746139526 0.7833333611488342 0.9614583253860474 0.7851851582527161 0.9624999761581421 0.7833333611488342 0.9666666388511658 0.7833333611488342 0.965624988079071 0.7833333611488342 0.9624999761581421 0.7777777910232544 0.9614583253860474 0.7777777910232544 0.9604166746139526 0.7759259343147278 0.9583333134651184 0.7759259343147278 0.9572916626930237 0.7740740776062012 0.9552083611488342 0.7740740776062012 0.9541666507720947 0.7722222208976746 0.9520833492279053 0.7722222208976746 0.9510416388511658 0.770370364189148 0.9458333253860474 0.770370364189148 0.9447916746139526 0.7685185074806213 0.9437500238418579 0.770370364189148
1 0.987500011920929 0.770370364189148 0.9885416626930237 0.7722222208976746 0.9895833134651184 0.7722222208976746 0.9906250238418579 0.7740740776062012 0.9927083253860474 0.7740740776062012 0.9937499761581421 0.7759259343147278 0.996874988079071 0.7759259343147278 0.9979166388511658 0.7777777910232544 0.9989583492279053 0.7777777910232544 0.9989583492279053 0.7648147940635681 0.9937499761581421 0.7648147940635681 0.9927083253860474 0.7666666507720947 0.9906250238418579 0.7666666507720947 0.9885416626930237 0.770370364189148
1 0.3083333373069763 0.6462963223457336 0.2979166805744171 0.664814829826355 0.296875 0.664814829826355 0.2854166626930237 0.6851851940155029 0.28437501192092896 0.6851851940155029 0.2822916805744171 0.6888889074325562 0.2874999940395355 0.6888889074325562 0.28958332538604736 0.6851851940155029 0.2906250059604645 0.6851851940155029 0.2927083373069763 0.6814814805984497 0.29374998807907104 0.6814814805984497 0.2958333194255829 0.6777777671813965 0.296875 0.6777777671813965 0.2979166805744171 0.6759259104728699 0.2979166805744171 0.6740740537643433 0.30000001192092896 0.6703703999519348 0.30000001192092896 0.6685185432434082 0.3010416626930237 0.6666666865348816 0.3010416626930237 0.6629629731178284 0.30520832538604736 0.6555555462837219 0.30520832538604736 0.6537036895751953 0.3062500059604645 0.6518518328666687 0.3062500059604645 0.6499999761581421
1 0.39791667461395264 0.5129629373550415 0.3968749940395355 0.5111111402511597 0.3958333432674408 0.5111111402511597 0.3947916626930237 0.5129629373550415 0.39375001192092896 0.5129629373550415 0.390625 0.5185185074806213 0.38854166865348816 0.5185185074806213 0.38749998807907104 0.5166666507720947 0.3864583373069763 0.5166666507720947 0.3854166567325592 0.5148147940635681 0.38229167461395264 0.5148147940635681 0.3802083432674408 0.5185185074806213 0.3760416805744171 0.5185185074806213 0.375 0.520370364189148 0.3708333373069763 0.520370364189148 0.3697916567325592 0.5222222208976746 0.3656249940395355 0.5222222208976746 0.3645833432674408 0.5240740776062012 0.3645833432674408 0.5259259343147278 0.36666667461395264 0.529629647731781 0.36666667461395264 0.5314815044403076 0.3656249940395355 0.5333333611488342 0.3645833432674408 0.5333333611488342 0.3604166805744171 0.5407407283782959 0.3635416626930237 0.5351851582527161 0.3687500059604645 0.5351851582527161 0.3697916567325592 0.5333333611488342 0.37187498807907104 0.5333333611488342 0.37291666865348816 0.5314815044403076 0.37812501192092896 0.5314815044403076 0.3791666626930237 0.529629647731781 0.3802083432674408 0.529629647731781 0.38229167461395264 0.5259259343147278 0.38229167461395264 0.520370364189148 0.38333332538604736 0.5185185074806213 0.38854166865348816 0.5185185074806213 0.3895833194255829 0.520370364189148 0.39270833134651184 0.520370364189148 0.39375001192092896 0.5185185074806213 0.3958333432674408 0.5185185074806213 0.3968749940395355 0.5166666507720947 0.39791667461395264 0.5166666507720947
1 0.9989583492279053 0.5685185194015503 0.8885416388511658 0.47777777910232544 0.71875 0.47777777910232544 0.7260416746139526 0.45185184478759766 0.7802083492279053 0.4333333373069763 0.7166666388511658 0.42407408356666565 0.6895833611488342 0.4407407343387604 0.7145833373069763 0.46481481194496155 0.7020833492279053 0.47592592239379883 0.8989583253860474 0.6296296119689941 0.4375 0.6407407522201538 0.42916667461395264 0.6555555462837219 0.484375 0.6796296238899231 0.47604167461395264 0.7055555582046509 0.49791666865348816 0.7388888597488403 0.3645833432674408 0.6018518805503845 0.3020833432674408 0.7018518447875977 0.31458333134651184 0.7074074149131775 0.17395833134651184 0.7888888716697693 0.20520833134651184 0.7240740656852722 0.17083333432674408 0.7481481432914734 0.18645833432674408 0.7222222089767456 0.0 0.7129629850387573 0.0 0.779629647731781 0.07708333432674408 0.7888888716697693 0.0 0.8870370388031006 0.0 0.9574074149131775 0.16979166865348816 0.7462962865829468 0.12916666269302368 0.8537036776542664 0.08437500149011612 0.864814817905426 0.10000000149011612 0.8759258985519409 0.09270833432674408 0.9092592597007751 0.13750000298023224 0.8907407522201538 0.1354166716337204 0.9462962746620178 0.15729166567325592 0.9037036895751953 0.17812499403953552 0.9203703999519348 0.15937499701976776 0.9981481432914734 0.2562499940395355 0.9981481432914734 0.27395832538604736 0.9685184955596924 0.26249998807907104 0.9925925731658936 0.2854166626930237 0.9981481432914734 0.2906250059604645 0.970370352268219 0.2750000059604645 0.9740740656852722 0.3239583373069763 0.8759258985519409 0.41458332538604736 0.9018518328666687 0.40625 0.9833333492279053 0.4208333194255829 0.9981481432914734 0.793749988079071 0.9981481432914734 0.7906249761581421 0.9740740656852722 0.796875 0.9981481432914734 0.8374999761581421 0.9981481432914734 0.8114583492279053 0.9314814805984497 0.9489583373069763 0.9407407641410828 0.940625011920929 0.9092592597007751 0.9593750238418579 0.9185185432434082 0.8635416626930237 0.7666666507720947 0.8833333253860474 0.7240740656852722 0.9010416865348816 0.729629635810852 0.8833333253860474 0.7074074149131775 0.9156249761581421 0.7240740656852722 0.921875 0.6851851940155029 0.9989583492279053 0.7111111283302307 0.9885416626930237 0.6481481194496155 0.9989583492279053 0.605555534362793 0.9791666865348816 0.5944444537162781
1 0.13124999403953552 0.4000000059604645 0.10312499850988388 0.4055555462837219 0.10208333283662796 0.4037036895751953 0.1041666641831398 0.4018518626689911 0.08437500149011612 0.40925925970077515 0.0729166641831398 0.40925925970077515 0.05937499925494194 0.4148148000240326 0.03541666641831398 0.4185185134410858 0.015625 0.4185185134410858 0.015625 0.4148148000240326 0.03125 0.4148148000240326 0.04374999925494194 0.41111111640930176 0.0 0.4148148000240326 0.0 0.4203703701496124 0.06354166567325592 0.4203703701496124 0.04270833358168602 0.4277777671813965 0.04479166492819786 0.4277777671813965 0.04479166492819786 0.4314814805984497 0.02500000037252903 0.43518519401550293 0.02812499925494194 0.43703705072402954 0.02604166604578495 0.43888887763023376 0.03333333507180214 0.4407407343387604 0.01979166641831398 0.45370370149612427 0.0 0.4611110985279083 0.0 0.47962963581085205 0.01354166679084301 0.47962963581085205 0.02083333395421505 0.4703703820705414 0.05624999850988388 0.44999998807907104 0.06145833432674408 0.4444444477558136 0.0729166641831398 0.4407407343387604 0.06875000149011612 0.4407407343387604 0.06875000149011612 0.43703705072402954 0.08437500149011612 0.4333333373069763 0.0833333358168602 0.4314814805984497 0.08645833283662796 0.4296296238899231 0.0885416641831398 0.42407408356666565 0.11562500149011612 0.41296297311782837 0.1197916641831398 0.40740740299224854 0.12083332985639572 0.40925925970077515 0.12083332985639572 0.4055555462837219 0.12604166567325592 0.4055555462837219
1 0.4312500059604645 0.42222222685813904 0.4166666567325592 0.39814814925193787 0.41458332538604736 0.39814814925193787 0.4104166626930237 0.4037036895751953 0.4072916805744171 0.4037036895751953 0.4052083194255829 0.40740740299224854 0.40312498807907104 0.40740740299224854 0.39895832538604736 0.41296297311782837 0.39270833134651184 0.4185185134410858 0.390625 0.4185185134410858 0.38229167461395264 0.4277777671813965 0.3791666626930237 0.4277777671813965 0.3791666626930237 0.4296296238899231 0.3760416805744171 0.4333333373069763 0.3697916567325592 0.43518519401550293 0.359375 0.4444444477558136 0.35729166865348816 0.4481481611728668 0.35104167461395264 0.45185184478759766 0.34062498807907104 0.46481481194496155 0.3375000059604645 0.46666666865348816 0.3395833373069763 0.46851852536201477 0.3479166626930237 0.46851852536201477 0.35104167461395264 0.46666666865348816 0.3541666567325592 0.4740740656852722 0.3541666567325592 0.47962963581085205 0.3479166626930237 0.4833333194255829 0.3427083194255829 0.4833333194255829 0.34062498807907104 0.48148149251937866 0.3427083194255829 0.4833333194255829 0.3385416567325592 0.4870370328426361 0.33645832538604736 0.49259260296821594 0.3322916626930237 0.4962962865829468 0.3291666805744171 0.5018518567085266 0.3427083194255829 0.5 0.34375 0.5018518567085266 0.3499999940395355 0.5018518567085266 0.35208332538604736 0.5037037134170532 0.35729166865348816 0.4981481432914734 0.3635416626930237 0.4962962865829468 0.3645833432674408 0.4981481432914734 0.3635416626930237 0.5018518567085266 0.3656249940395355 0.5018518567085266 0.3687500059604645 0.5055555701255798 0.3656249940395355 0.5074074268341064 0.36770832538604736 0.5092592835426331 0.37291666865348816 0.5092592835426331 0.3739583194255829 0.5055555701255798 0.3802083432674408 0.5074074268341064 0.3812499940395355 0.5092592835426331 0.3791666626930237 0.5111111402511597 0.3812499940395355 0.5092592835426331 0.38229167461395264 0.5111111402511597 0.3916666805744171 0.5092592835426331 0.39270833134651184 0.5074074268341064 0.3895833194255829 0.5055555701255798 0.3864583373069763 0.4981481432914734 0.3916666805744171 0.4888888895511627 0.3916666805744171 0.47962963581085205 0.3968749940395355 0.4722222089767456 0.4010416567325592 0.4722222089767456 0.40625 0.46851852536201477 0.4052083194255829 0.46481481194496155 0.4072916805744171 0.4611110985279083 0.4072916805744171 0.45370370149612427 0.40312498807907104 0.45185184478759766 0.4020833373069763 0.4462963044643402 0.4104166626930237 0.4333333373069763 0.421875 0.4296296238899231 0.42500001192092896 0.42407408356666565
1 0.4479166567325592 0.4185185134410858 0.4489583373069763 0.4185185134410858 0.45104166865348816 0.42222222685813904 0.45520833134651184 0.42222222685813904 0.45625001192092896 0.42407408356666565 0.47083333134651184 0.42407408356666565 0.47187501192092896 0.42592594027519226 0.4749999940395355 0.42592594027519226 0.47604167461395264 0.42407408356666565 0.48645833134651184 0.42407408356666565 0.48750001192092896 0.42222222685813904 0.4906249940395355 0.42222222685813904 0.49270832538604736 0.4185185134410858 0.4958333373069763 0.4185185134410858 0.49791666865348816 0.4148148000240326 0.4989583194255829 0.4148148000240326 0.5 0.41296297311782837 0.5010416507720947 0.41296297311782837 0.5010416507720947 0.41111111640930176 0.5020833611488342 0.40925925970077515 0.5010416507720947 0.40740740299224854 0.503125011920929 0.4037036895751953 0.503125011920929 0.4000000059604645 0.5020833611488342 0.39814814925193787 0.5020833611488342 0.39629629254341125 0.503125011920929 0.39444443583488464 0.5062500238418579 0.39444443583488464 0.5083333253860474 0.39814814925193787 0.5104166865348816 0.39814814925193787 0.5114583373069763 0.39629629254341125 0.5093749761581421 0.39629629254341125 0.5083333253860474 0.39444443583488464 0.5072916746139526 0.39444443583488464 0.5062500238418579 0.39259257912635803 0.5062500238418579 0.3907407522201538 0.5052083134651184 0.3907407522201538 0.503125011920929 0.3870370388031006 0.5010416507720947 0.3870370388031006 0.5 0.385185182094574 0.4697916805744171 0.385185182094574 0.46875 0.3870370388031006 0.4677083194255829 0.385185182094574 0.4635416567325592 0.385185182094574 0.4625000059604645 0.3870370388031006 0.4593749940395355 0.3870370388031006 0.4583333432674408 0.3888888955116272 0.4572916626930237 0.3888888955116272 0.4572916626930237 0.39629629254341125 0.4583333432674408 0.39814814925193787 0.4583333432674408 0.4018518626689911 0.44999998807907104 0.4166666567325592 0.4479166567325592 0.4166666567325592
1 0.05104166641831398 0.364814817905426 0.05000000074505806 0.364814817905426 0.04895833507180214 0.3629629611968994 0.03437500074505806 0.3629629611968994 0.03333333507180214 0.364814817905426 0.02812499925494194 0.364814817905426 0.02708333358168602 0.36666667461395264 0.0072916666977107525 0.36666667461395264 0.0062500000931322575 0.364814817905426 0.0 0.364814817905426 0.0 0.3740740716457367 0.008333333767950535 0.3740740716457367 0.00937500037252903 0.3722222149372101 0.02500000037252903 0.3722222149372101 0.02604166604578495 0.37037035822868347 0.03437500074505806 0.37037035822868347 0.03541666641831398 0.36851853132247925 0.03854166716337204 0.36851853132247925 0.03958333283662796 0.37037035822868347 0.04270833358168602 0.37037035822868347 0.04062499850988388 0.37037035822868347 0.03958333283662796 0.36851853132247925 0.04062499850988388 0.36666667461395264 0.04479166492819786 0.36666667461395264 0.04583333432674408 0.364814817905426
1 0.4625000059604645 0.36851853132247925 0.4635416567325592 0.36851853132247925 0.4645833373069763 0.37037035822868347 0.47604167461395264 0.37037035822868347 0.47708332538604736 0.3722222149372101 0.4791666567325592 0.3722222149372101 0.4802083373069763 0.37037035822868347 0.48124998807907104 0.3722222149372101 0.48229166865348816 0.3722222149372101 0.4833333194255829 0.37037035822868347 0.4895833432674408 0.37037035822868347 0.4906249940395355 0.36851853132247925 0.4947916567325592 0.36851853132247925 0.4906249940395355 0.3611111044883728 0.49166667461395264 0.3592592477798462 0.4906249940395355 0.3592592477798462 0.4885416626930237 0.35555556416511536 0.4749999940395355 0.35555556416511536 0.4739583432674408 0.35740742087364197 0.4729166626930237 0.35740742087364197 0.47187501192092896 0.3592592477798462 0.46875 0.3592592477798462 0.4677083194255829 0.35740742087364197 0.46666666865348816 0.35740742087364197 0.4677083194255829 0.3592592477798462 0.4677083194255829 0.3611111044883728 0.46875 0.3629629611968994 0.4677083194255829 0.364814817905426 0.46666666865348816 0.364814817905426 0.4645833373069763 0.36851853132247925
1 0.4333333373069763 0.3499999940395355 0.44583332538604736 0.3499999940395355 0.4468750059604645 0.35185185074806213 0.46875 0.35185185074806213 0.4520833194255829 0.35185185074806213 0.44999998807907104 0.3481481373310089 0.45104166865348816 0.3462963104248047 0.45625001192092896 0.3462963104248047 0.4479166567325592 0.3462963104248047 0.4468750059604645 0.3481481373310089 0.44583332538604736 0.3481481373310089 0.44479167461395264 0.3462963104248047 0.4437499940395355 0.3462963104248047 0.4427083432674408 0.3481481373310089 0.44062501192092896 0.3481481373310089 0.43958333134651184 0.3499999940395355
1 0.4281249940395355 0.3462963104248047 0.42395833134651184 0.3462963104248047 0.42500001192092896 0.3462963104248047 0.4260416626930237 0.3481481373310089 0.42500001192092896 0.3499999940395355 0.421875 0.3499999940395355 0.4208333194255829 0.3481481373310089 0.41458332538604736 0.3481481373310089 0.41354167461395264 0.3499999940395355 0.4104166626930237 0.3499999940395355 0.40937501192092896 0.3481481373310089 0.4072916805744171 0.3481481373310089 0.40833333134651184 0.3481481373310089 0.40937501192092896 0.3499999940395355 0.40833333134651184 0.35185185074806213 0.4000000059604645 0.35185185074806213 0.39895832538604736 0.35370370745658875 0.4114583432674408 0.35370370745658875 0.4124999940395355 0.35555556416511536 0.4114583432674408 0.35740742087364197 0.40833333134651184 0.35740742087364197 0.40625 0.3611111044883728 0.4020833373069763 0.3611111044883728 0.4000000059604645 0.364814817905426 0.39895832538604736 0.364814817905426 0.39791667461395264 0.36666667461395264 0.3958333432674408 0.36666667461395264 0.3947916626930237 0.36851853132247925 0.3916666805744171 0.36851853132247925 0.38854166865348816 0.3722222149372101 0.3864583373069763 0.3722222149372101 0.3895833194255829 0.3722222149372101 0.390625 0.3740740716457367 0.40937501192092896 0.3740740716457367 0.4104166626930237 0.3722222149372101 0.41354167461395264 0.3722222149372101 0.4156250059604645 0.36851853132247925 0.4208333194255829 0.36851853132247925 0.421875 0.36666667461395264 0.421875 0.3629629611968994 0.4229166805744171 0.3611111044883728 0.42500001192092896 0.3611111044883728 0.4260416626930237 0.3592592477798462 0.42500001192092896 0.3592592477798462 0.42395833134651184 0.35740742087364197 0.42395833134651184 0.35555556416511536 0.42500001192092896 0.35370370745658875 0.42916667461395264 0.35370370745658875 0.42500001192092896 0.35370370745658875 0.42395833134651184 0.35185185074806213 0.4260416626930237 0.3481481373310089 0.4281249940395355 0.3481481373310089
1 0.0 0.34259259700775146 0.0010416667209938169 0.34259259700775146 0.0020833334419876337 0.34074074029922485 0.0072916666977107525 0.34074074029922485 0.008333333767950535 0.33888888359069824 0.015625 0.33888888359069824 0.01666666753590107 0.33703702688217163 0.01979166641831398 0.33703702688217163 0.01875000074505806 0.3351851999759674 0.01979166641831398 0.3333333432674408 0.02291666716337204 0.3333333432674408 0.02395833283662796 0.3351851999759674 0.03333333507180214 0.3351851999759674 0.03229166567325592 0.3351851999759674 0.03125 0.3333333432674408 0.0 0.3333333432674408 0.0 0.3351851999759674 0.0052083334885537624 0.3351851999759674 0.0062500000931322575 0.33703702688217163 0.0052083334885537624 0.33888888359069824 0.0 0.33888888359069824
1 0.44999998807907104 0.33703702688217163 0.44479167461395264 0.33703702688217163 0.4416666626930237 0.3314814865589142 0.4364583194255829 0.3314814865589142 0.43541666865348816 0.3333333432674408 0.4322916567325592 0.3333333432674408 0.4312500059604645 0.3351851999759674 0.42500001192092896 0.3351851999759674 0.4281249940395355 0.3351851999759674 0.42916667461395264 0.33703702688217163 0.4281249940395355 0.33888888359069824 0.4260416626930237 0.33888888359069824 0.42500001192092896 0.34074074029922485 0.4229166805744171 0.34074074029922485 0.421875 0.34259259700775146 0.41979166865348816 0.34259259700775146 0.4312500059604645 0.34259259700775146 0.4322916567325592 0.34074074029922485 0.44062501192092896 0.34074074029922485 0.4416666626930237 0.33888888359069824 0.44583332538604736 0.33888888359069824 0.4468750059604645 0.33703702688217163
1 0.35729166865348816 0.33888888359069824 0.3583333194255829 0.34074074029922485 0.359375 0.34074074029922485 0.3604166805744171 0.33888888359069824 0.36145833134651184 0.33888888359069824 0.36250001192092896 0.33703702688217163 0.3635416626930237 0.33888888359069824 0.36770832538604736 0.33888888359069824 0.3687500059604645 0.34074074029922485 0.3697916567325592 0.33888888359069824 0.37291666865348816 0.33888888359069824 0.3739583194255829 0.33703702688217163 0.3791666626930237 0.33703702688217163 0.3802083432674408 0.3351851999759674 0.3812499940395355 0.3351851999759674 0.38229167461395264 0.3333333432674408 0.38333332538604736 0.3333333432674408 0.3843750059604645 0.3314814865589142 0.40937501192092896 0.3314814865589142 0.375 0.3314814865589142 0.3739583194255829 0.3333333432674408 0.36770832538604736 0.3333333432674408 0.3687500059604645 0.3351851999759674 0.36770832538604736 0.33703702688217163 0.3645833432674408 0.33703702688217163 0.3635416626930237 0.3351851999759674 0.36250001192092896 0.3351851999759674 0.36145833134651184 0.33703702688217163 0.3604166805744171 0.33703702688217163 0.359375 0.33888888359069824
1 0.3489583432674408 0.3333333432674408 0.34583333134651184 0.3333333432674408 0.3447916805744171 0.3314814865589142 0.34375 0.3333333432674408 0.33541667461395264 0.3333333432674408 0.3343749940395355 0.3351851999759674 0.3322916626930237 0.3333333432674408 0.3291666805744171 0.3333333432674408 0.328125 0.3351851999759674 0.31458333134651184 0.3351851999759674 0.3135416805744171 0.33703702688217163 0.3062500059604645 0.33703702688217163 0.3020833432674408 0.34074074029922485 0.2854166626930237 0.34259259700775146 0.28958332538604736 0.34259259700775146 0.2906250059604645 0.3444444537162781 0.2927083373069763 0.34259259700775146 0.29374998807907104 0.3444444537162781 0.29479166865348816 0.34259259700775146 0.3125 0.34259259700775146 0.3135416805744171 0.34074074029922485 0.3166666626930237 0.34074074029922485 0.3177083432674408 0.34259259700775146 0.31458333134651184 0.3462963104248047 0.30937498807907104 0.3462963104248047 0.3072916567325592 0.35185185074806213 0.29374998807907104 0.3499999940395355 0.2958333194255829 0.3499999940395355 0.296875 0.35185185074806213 0.2958333194255829 0.35370370745658875 0.28958332538604736 0.35370370745658875 0.2906250059604645 0.35555556416511536 0.28958332538604736 0.3592592477798462 0.2874999940395355 0.3611111044883728 0.28333333134651184 0.3611111044883728 0.2822916805744171 0.3629629611968994 0.28333333134651184 0.3611111044883728 0.2854166626930237 0.364814817905426 0.28437501192092896 0.36666667461395264 0.28958332538604736 0.36666667461395264 0.28854167461395264 0.36666667461395264 0.2864583432674408 0.3629629611968994 0.28854167461395264 0.3592592477798462 0.29374998807907104 0.3611111044883728 0.2958333194255829 0.35740742087364197 0.2979166805744171 0.3592592477798462 0.3010416626930237 0.3592592477798462 0.30416667461395264 0.35555556416511536 0.30520832538604736 0.35740742087364197 0.30937498807907104 0.35740742087364197 0.3125 0.35370370745658875 0.3239583373069763 0.35185185074806213 0.32499998807907104 0.3499999940395355 0.3270833194255829 0.3499999940395355 0.32499998807907104 0.3499999940395355 0.3239583373069763 0.35185185074806213 0.3187499940395355 0.35185185074806213 0.3177083432674408 0.35370370745658875 0.31562501192092896 0.35370370745658875 0.3135416805744171 0.3499999940395355 0.3177083432674408 0.3462963104248047 0.3166666626930237 0.3444444537162781 0.3187499940395355 0.34074074029922485 0.3239583373069763 0.34074074029922485 0.32499998807907104 0.33888888359069824 0.3375000059604645 0.33888888359069824 0.3385416567325592 0.33703702688217163 0.34375 0.33703702688217163 0.3447916805744171 0.3351851999759674 0.3479166626930237 0.3351851999759674
1 0.6604166626930237 0.34259259700775146 0.6875 0.3444444537162781 0.6802083253860474 0.3481481373310089 0.6822916865348816 0.35185185074806213 0.6625000238418579 0.35185185074806213 0.7072916626930237 0.36666667461395264 0.7562500238418579 0.3722222149372101 0.7593749761581421 0.36666667461395264 0.7416666746139526 0.3592592477798462 0.7697916626930237 0.35555556416511536 0.8333333134651184 0.3629629611968994 0.8354166746139526 0.3722222149372101 0.793749988079071 0.36851853132247925 0.8020833134651184 0.3759259283542633 0.9989583492279053 0.4314814805984497 0.9989583492279053 0.4185185134410858 0.9281250238418579 0.41111111640930176 0.9041666388511658 0.39814814925193787 0.8864583373069763 0.4000000059604645 0.8833333253860474 0.39444443583488464 0.890625 0.39444443583488464 0.8822916746139526 0.3888888955116272 0.8614583611488342 0.3888888955116272 0.859375 0.38333332538604736 0.971875011920929 0.39259257912635803 0.9437500238418579 0.385185182094574 0.9489583373069763 0.3759259283542633 0.965624988079071 0.3777777850627899 0.9052083492279053 0.36666667461395264 0.9020833373069763 0.3592592477798462 0.9145833253860474 0.3611111044883728 0.8947916626930237 0.35740742087364197 0.893750011920929 0.35185185074806213 0.8999999761581421 0.3499999940395355 0.8916666507720947 0.3462963104248047 0.8770833611488342 0.35185185074806213 0.7875000238418579 0.3296296298503876 0.7135416865348816 0.33703702688217163 0.7208333611488342 0.3462963104248047
1 0.6427083611488342 0.32592591643333435 0.6468750238418579 0.32592591643333435 0.6479166746139526 0.32777777314186096 0.6510416865348816 0.32777777314186096 0.6520833373069763 0.3296296298503876 0.6541666388511658 0.3296296298503876 0.6552083492279053 0.32777777314186096 0.6635416746139526 0.32777777314186096 0.6645833253860474 0.3296296298503876 0.675000011920929 0.3296296298503876 0.6760416626930237 0.3314814865589142 0.6822916865348816 0.3314814865589142 0.6833333373069763 0.3333333432674408 0.6895833611488342 0.3333333432674408 0.690625011920929 0.3351851999759674 0.6937500238418579 0.3351851999759674 0.6947916746139526 0.3333333432674408 0.703125 0.3333333432674408 0.6989583373069763 0.3333333432674408 0.6979166865348816 0.3314814865589142 0.6989583373069763 0.3296296298503876 0.7124999761581421 0.3296296298503876 0.7135416865348816 0.3314814865589142 0.7250000238418579 0.3314814865589142 0.71875 0.3314814865589142 0.7177083492279053 0.3296296298503876 0.6927083134651184 0.3296296298503876 0.6916666626930237 0.32777777314186096 0.6927083134651184 0.32592591643333435 0.6937500238418579 0.32592591643333435 0.6916666626930237 0.32592591643333435 0.6885416507720947 0.3296296298503876 0.6875 0.32777777314186096 0.6833333373069763 0.32777777314186096 0.6822916865348816 0.32592591643333435 0.6770833134651184 0.32592591643333435 0.6760416626930237 0.32407405972480774 0.6645833253860474 0.32407405972480774 0.6635416746139526 0.3222222328186035 0.659375011920929 0.3222222328186035 0.6583333611488342 0.32407405972480774 0.6447916626930237 0.32407405972480774 0.643750011920929 0.32592591643333435
1 0.5791666507720947 0.3222222328186035 0.5791666507720947 0.32407405972480774 0.6083333492279053 0.32407405972480774 0.609375 0.3222222328186035 0.6104166507720947 0.3222222328186035 0.6114583611488342 0.32407405972480774 0.6166666746139526 0.32407405972480774 0.6177083253860474 0.32592591643333435 0.6208333373069763 0.32592591643333435 0.621874988079071 0.32777777314186096 0.6229166388511658 0.32592591643333435 0.625 0.32592591643333435 0.6260416507720947 0.32777777314186096 0.628125011920929 0.32777777314186096 0.6291666626930237 0.3296296298503876 0.6312500238418579 0.3296296298503876 0.6333333253860474 0.32592591643333435 0.6354166865348816 0.32592591643333435 0.6364583373069763 0.32777777314186096 0.637499988079071 0.32592591643333435 0.6385416388511658 0.32592591643333435 0.6312500238418579 0.32592591643333435 0.6302083134651184 0.32407405972480774 0.6177083253860474 0.32407405972480774 0.6166666746139526 0.3222222328186035 0.6083333492279053 0.3222222328186035 0.6072916388511658 0.32407405972480774 0.606249988079071 0.32407405972480774 0.6052083373069763 0.3222222328186035 0.6031249761581421 0.3222222328186035 0.6020833253860474 0.32407405972480774 0.6010416746139526 0.3222222328186035 0.5979166626930237 0.3222222328186035 0.596875011920929 0.32407405972480774 0.5958333611488342 0.32407405972480774 0.5947916507720947 0.3222222328186035
1 0.40312498807907104 0.3203703761100769 0.4000000059604645 0.3203703761100769 0.39895832538604736 0.3222222328186035 0.39270833134651184 0.3222222328186035 0.3916666805744171 0.3203703761100769 0.38854166865348816 0.3203703761100769 0.38749998807907104 0.3222222328186035 0.3760416805744171 0.3222222328186035 0.375 0.32407405972480774 0.3687500059604645 0.32407405972480774 0.3697916567325592 0.32592591643333435 0.37291666865348816 0.32592591643333435 0.3739583194255829 0.32407405972480774 0.38229167461395264 0.32407405972480774 0.38333332538604736 0.3222222328186035 0.3843750059604645 0.32407405972480774 0.3854166567325592 0.32407405972480774 0.3864583373069763 0.3222222328186035 0.4020833373069763 0.3222222328186035
1 0.3083333373069763 0.3222222328186035 0.22187499701976776 0.3222222328186035 0.19166666269302368 0.3333333432674408 0.09166666865348816 0.3351851999759674 0.06979166716337204 0.34074074029922485 0.046875 0.33703702688217163 0.04479166492819786 0.34259259700775146 0.03229166567325592 0.34074074029922485 0.01666666753590107 0.35185185074806213 0.0 0.35370370745658875 0.010416666977107525 0.35740742087364197 0.078125 0.34074074029922485 0.10000000149011612 0.34074074029922485 0.08958332985639572 0.3462963104248047 0.140625 0.34074074029922485 0.13958333432674408 0.3462963104248047 0.12187500298023224 0.3499999940395355 0.12395833432674408 0.35370370745658875 0.11354167014360428 0.35185185074806213 0.05833333358168602 0.36851853132247925 0.0833333358168602 0.364814817905426 0.0572916679084301 0.3740740716457367 0.078125 0.3759259283542633 0.08229167014360428 0.37037035822868347 0.11145833134651184 0.364814817905426 0.10833333432674408 0.3722222149372101 0.12395833432674408 0.3722222149372101 0.10729166865348816 0.37962964177131653 0.15312500298023224 0.364814817905426 0.16041666269302368 0.3462963104248047 0.17083333432674408 0.3462963104248047 0.15000000596046448 0.34259259700775146 0.22291666269302368 0.3351851999759674 0.21875 0.34074074029922485 0.19583334028720856 0.34259259700775146 0.23020833730697632 0.34074074029922485 0.2718749940395355 0.3481481373310089 0.2697916626930237 0.3444444537162781 0.27916666865348816 0.33703702688217163 0.296875 0.3351851999759674
1 0.32604166865348816 0.3166666626930237 0.3270833194255829 0.3166666626930237 0.328125 0.3185185194015503 0.33020833134651184 0.3185185194015503 0.33125001192092896 0.3203703761100769 0.3531250059604645 0.3203703761100769 0.3531250059604645 0.3185185194015503 0.34687501192092896 0.3185185194015503 0.34583333134651184 0.3166666626930237
1 0.08645833283662796 0.3222222328186035 0.08229167014360428 0.3222222328186035 0.08124999701976776 0.3203703761100769 0.08124999701976776 0.3185185194015503 0.08229167014360428 0.3166666626930237 0.08437500149011612 0.3166666626930237 0.08541666716337204 0.31481480598449707 0.08645833283662796 0.31481480598449707 0.06354166567325592 0.31481480598449707 0.0625 0.31296294927597046 0.05624999850988388 0.31296294927597046 0.05520833283662796 0.31481480598449707 0.04062499850988388 0.31481480598449707 0.03958333283662796 0.3166666626930237 0.02083333395421505 0.3166666626930237 0.02291666716337204 0.3166666626930237 0.02395833283662796 0.3185185194015503 0.03229166567325592 0.3185185194015503 0.03333333507180214 0.3203703761100769 0.04374999925494194 0.3203703761100769 0.04479166492819786 0.3222222328186035 0.04583333432674408 0.3203703761100769 0.046875 0.3222222328186035 0.04791666567325592 0.3203703761100769 0.05104166641831398 0.3203703761100769 0.0520833320915699 0.3222222328186035 0.05624999850988388 0.3222222328186035 0.0572916679084301 0.32407405972480774 0.07395832985639572 0.32407405972480774 0.07500000298023224 0.3222222328186035
1 0.5708333253860474 0.32407405972480774 0.5697916746139526 0.3222222328186035 0.5364583134651184 0.3203703761100769 0.5302083492279053 0.31481480598449707 0.5218750238418579 0.31296294927597046 0.5208333134651184 0.31111112236976624 0.5177083611488342 0.31481480598449707 0.5135416388511658 0.31296294927597046 0.512499988079071 0.31481480598449707 0.5020833611488342 0.31481480598449707 0.5010416507720947 0.3166666626930237 0.4989583194255829 0.31481480598449707 0.49166667461395264 0.31481480598449707 0.4906249940395355 0.31296294927597046 0.4885416626930237 0.31481480598449707 0.48750001192092896 0.31296294927597046 0.4833333194255829 0.31481480598449707 0.4802083373069763 0.31296294927597046 0.4791666567325592 0.31481480598449707 0.4729166626930237 0.31481480598449707 0.4697916805744171 0.3185185194015503 0.4489583373069763 0.3203703761100769 0.4489583373069763 0.3222222328186035 0.44999998807907104 0.3203703761100769 0.46666666865348816 0.3203703761100769 0.4677083194255829 0.3222222328186035 0.47604167461395264 0.3222222328186035 0.47708332538604736 0.32407405972480774 0.4854166805744171 0.3222222328186035 0.48645833134651184 0.32407405972480774 0.4989583194255829 0.3222222328186035 0.5 0.32407405972480774 0.4989583194255829 0.32777777314186096 0.49791666865348816 0.32592591643333435 0.4947916567325592 0.32777777314186096 0.47083333134651184 0.32777777314186096 0.4697916805744171 0.3296296298503876 0.46666666865348816 0.32777777314186096 0.46666666865348816 0.3296296298503876 0.4729166626930237 0.3296296298503876 0.4739583432674408 0.3333333432674408 0.47187501192092896 0.3351851999759674 0.4739583432674408 0.33703702688217163 0.4749999940395355 0.3351851999759674 0.4781250059604645 0.33888888359069824 0.48229166865348816 0.33888888359069824 0.4833333194255829 0.34074074029922485 0.512499988079071 0.3351851999759674 0.5208333134651184 0.3296296298503876 0.5218750238418579 0.32592591643333435 0.5239583253860474 0.32777777314186096 0.5249999761581421 0.32592591643333435 0.5260416865348816 0.3314814865589142 0.528124988079071 0.3333333432674408 0.5229166746139526 0.33888888359069824 0.515625 0.33703702688217163 0.5177083611488342 0.33888888359069824 0.5322916507720947 0.33888888359069824 0.5333333611488342 0.33703702688217163 0.53125 0.33888888359069824 0.528124988079071 0.33703702688217163 0.5302083492279053 0.3314814865589142 0.5520833134651184 0.3296296298503876 0.5552083253860474 0.32777777314186096 0.5531250238418579 0.32592591643333435 0.5541666746139526 0.32407405972480774 0.5677083134651184 0.32407405972480774 0.5687500238418579 0.3222222328186035
1 0.23749999701976776 0.3092592656612396 0.24375000596046448 0.3092592656612396 0.2447916716337204 0.31111112236976624 0.24583333730697632 0.3092592656612396 0.24687500298023224 0.3092592656612396 0.24791666865348816 0.31111112236976624 0.2510416805744171 0.31111112236976624 0.25208333134651184 0.31296294927597046 0.2604166567325592 0.31296294927597046 0.2614583373069763 0.31481480598449707 0.2770833373069763 0.31481480598449707 0.27812498807907104 0.3166666626930237 0.29374998807907104 0.3166666626930237 0.29479166865348816 0.3185185194015503 0.296875 0.3185185194015503 0.2979166805744171 0.3166666626930237 0.3135416805744171 0.3166666626930237 0.31041666865348816 0.3166666626930237 0.3072916567325592 0.31296294927597046 0.2697916626930237 0.31296294927597046 0.26875001192092896 0.31111112236976624 0.25729167461395264 0.31111112236976624 0.2562499940395355 0.3092592656612396 0.2510416805744171 0.3092592656612396 0.25 0.307407408952713 0.24687500298023224 0.307407408952713 0.24583333730697632 0.3092592656612396
2 0.7864583134651184 0.979629635810852 0.7864583134651184 0.9814814925193787 0.7875000238418579 0.9833333492279053 0.7875000238418579 0.9851852059364319 0.7895833253860474 0.9888888597488403 0.7895833253860474 0.9925925731658936 0.7916666865348816 0.9962962865829468 0.793749988079071 0.9962962865829468 0.7947916388511658 0.9981481432914734 0.7958333492279053 0.9981481432914734 0.7958333492279053 0.9962962865829468 0.7947916388511658 0.9944444298744202 0.7958333492279053 0.9925925731658936 0.800000011920929 0.9925925731658936 0.8010416626930237 0.9944444298744202 0.8020833134651184 0.9925925731658936 0.8010416626930237 0.9907407164573669 0.8010416626930237 0.9870370626449585 0.7958333492279053 0.9777777791023254 0.7947916388511658 0.9777777791023254 0.793749988079071 0.9759259223937988 0.7906249761581421 0.9759259223937988 0.7906249761581421 0.9777777791023254 0.7895833253860474 0.979629635810852 0.7885416746139526 0.979629635810852 0.7875000238418579 0.9814814925193787
2 0.918749988079071 0.914814829826355 0.9197916388511658 0.9166666865348816 0.918749988079071 0.9185185432434082 0.9197916388511658 0.9203703999519348 0.921875 0.9203703999519348 0.9229166507720947 0.9222221970558167 0.925000011920929 0.9222221970558167 0.9260416626930237 0.9240740537643433 0.9270833134651184 0.9240740537643433 0.9281250238418579 0.9259259104728699 0.9291666746139526 0.9259259104728699 0.9302083253860474 0.9277777671813965 0.9312499761581421 0.9277777671813965 0.9312499761581421 0.9259259104728699 0.9322916865348816 0.9240740537643433 0.9354166388511658 0.9240740537643433 0.9354166388511658 0.9222221970558167 0.934374988079071 0.9203703999519348 0.9333333373069763 0.9203703999519348 0.9322916865348816 0.9185185432434082 0.9312499761581421 0.9185185432434082 0.9302083253860474 0.9203703999519348 0.9291666746139526 0.9203703999519348 0.9281250238418579 0.9222221970558167 0.925000011920929 0.9222221970558167 0.9239583611488342 0.9203703999519348 0.9229166507720947 0.9203703999519348 0.921875 0.9185185432434082 0.921875 0.9166666865348816 0.9197916388511658 0.9166666865348816
2 0.25729167461395264 0.9981481432914734 0.2770833373069763 0.9981481432914734 0.2718749940395355 0.9907407164573669 0.26249998807907104 0.9944444298744202 0.2614583373069763 0.9888888597488403 0.27395832538604736 0.9722222089767456 0.2770833373069763 0.9759259223937988 0.27812498807907104 0.9851852059364319 0.28333333134651184 0.9851852059364319 0.28854167461395264 0.9685184955596924 0.2916666567325592 0.970370352268219 0.2927083373069763 0.9777777791023254 0.2864583432674408 0.9981481432914734 0.41979166865348816 0.9981481432914734 0.4166666567325592 0.9814814925193787 0.4114583432674408 0.9814814925193787 0.40833333134651184 0.9851852059364319 0.4052083194255829 0.9833333492279053 0.4072916805744171 0.9722222089767456 0.40625 0.9629629850387573 0.4104166626930237 0.9537037014961243 0.40937501192092896 0.9407407641410828 0.4114583432674408 0.9370370507240295 0.4124999940395355 0.9259259104728699 0.41458332538604736 0.9240740537643433 0.4114583432674408 0.9185185432434082 0.41458332538604736 0.914814829826355 0.4156250059604645 0.9055555462837219 0.4072916805744171 0.9037036895751953 0.4000000059604645 0.9092592597007751 0.3916666805744171 0.9074074029922485 0.390625 0.9037036895751953 0.3958333432674408 0.8962963223457336 0.3947916626930237 0.8925926089286804 0.3854166567325592 0.8925926089286804 0.375 0.9018518328666687 0.3739583194255829 0.8870370388031006 0.36770832538604736 0.8907407522201538 0.3635416626930237 0.8888888955116272 0.359375 0.8962963223457336 0.35104167461395264 0.8925926089286804 0.3499999940395355 0.8888888955116272 0.33645832538604736 0.894444465637207 0.3333333432674408 0.8870370388031006 0.32604166865348816 0.885185182094574 0.3239583373069763 0.8777777552604675 0.3187499940395355 0.8833333253860474 0.3187499940395355 0.8888888955116272 0.31041666865348816 0.9074074029922485 0.30937498807907104 0.914814829826355 0.3031249940395355 0.9222221970558167 0.3010416626930237 0.9333333373069763 0.2927083373069763 0.9425926208496094 0.2874999940395355 0.9555555582046509 0.2760416567325592 0.9740740656852722 0.27395832538604736 0.970370352268219 0.26354166865348816 0.9814814925193787
2 0.0 0.885185182094574 0.004166666883975267 0.885185182094574 0.0052083334885537624 0.8833333253860474 0.010416666977107525 0.8833333253860474 0.01875000074505806 0.8703703880310059 0.01979166641831398 0.8703703880310059 0.02708333358168602 0.8592592477798462 0.03125 0.855555534362793 0.03437500074505806 0.8500000238418579 0.03541666641831398 0.8500000238418579 0.046875 0.835185170173645 0.05312500149011612 0.8296296000480652 0.05416666716337204 0.8277778029441833 0.05312500149011612 0.8222222328186035 0.0572916679084301 0.8148148059844971 0.05833333358168602 0.8148148059844971 0.06041666492819786 0.8111110925674438 0.06354166567325592 0.8092592358589172 0.06562499701976776 0.8055555820465088 0.07187499850988388 0.800000011920929 0.07500000298023224 0.7944444417953491 0.07500000298023224 0.7907407283782959 0.07604166865348816 0.7888888716697693 0.06354166567325592 0.7888888716697693 0.0625 0.7907407283782959 0.05520833283662796 0.7907407283782959 0.05416666716337204 0.7925925850868225 0.05104166641831398 0.7888888716697693 0.05000000074505806 0.7907407283782959 0.046875 0.7907407283782959 0.04479166492819786 0.7870370149612427 0.04479166492819786 0.7851851582527161 0.04270833358168602 0.7851851582527161 0.0416666679084301 0.7833333611488342 0.03020833246409893 0.7833333611488342 0.02916666679084301 0.7851851582527161 0.02500000037252903 0.7851851582527161 0.01666666753590107 0.7777777910232544 0.010416666977107525 0.7777777910232544 0.00937500037252903 0.779629647731781 0.0010416667209938169 0.779629647731781 0.0 0.7814815044403076
2 0.9979166388511658 0.7092592716217041 0.987500011920929 0.7092592716217041 0.9666666388511658 0.6925926208496094 0.9479166865348816 0.6870370507240295 0.921875 0.6870370507240295 0.909375011920929 0.7111111283302307 0.9156249761581421 0.7259259223937988 0.9041666388511658 0.7259259223937988 0.890625 0.7074074149131775 0.8833333253860474 0.7092592716217041 0.8968750238418579 0.7185184955596924 0.9020833373069763 0.729629635810852 0.8958333134651184 0.7351852059364319 0.8833333253860474 0.7259259223937988 0.8885416388511658 0.7314814925193787 0.8864583373069763 0.7407407164573669 0.875 0.7462962865829468 0.875 0.7555555701255798 0.8677083253860474 0.7555555701255798 0.8645833134651184 0.7685185074806213 0.871874988079071 0.7907407283782959 0.8864583373069763 0.8018518686294556 0.8864583373069763 0.8074073791503906 0.8802083134651184 0.8129629492759705 0.893750011920929 0.8240740895271301 0.9010416865348816 0.8370370268821716 0.8989583253860474 0.8425925970077515 0.9020833373069763 0.8481481671333313 0.9145833253860474 0.8537036776542664 0.9197916388511658 0.864814817905426 0.9468749761581421 0.8907407522201538 0.9479166865348816 0.9055555462837219 0.9604166746139526 0.9185185432434082 0.9510416388511658 0.9185185432434082 0.9416666626930237 0.9092592597007751 0.9520833492279053 0.9314814805984497 0.9479166865348816 0.9370370507240295 0.9489583373069763 0.9425926208496094 0.9322916865348816 0.9407407641410828 0.9208333492279053 0.9277777671813965 0.9197916388511658 0.9388889074325562 0.8114583492279053 0.9333333373069763 0.8218749761581421 0.9518518447875977 0.8385416865348816 0.9981481432914734 0.9989583492279053 0.9981481432914734 0.9989583492279053 0.9537037014961243 0.9927083253860474 0.9518518447875977 0.9906250238418579 0.9425926208496094 0.9822916388511658 0.9333333373069763 0.9854166507720947 0.9296296238899231 0.9802083373069763 0.9166666865348816 0.984375 0.914814829826355 0.9989583492279053 0.9277777671813965 0.9937499761581421 0.9129629731178284 0.9989583492279053 0.9111111164093018 0.9989583492279053 0.779629647731781 0.9864583611488342 0.770370364189148 0.9989583492279053 0.7629629373550415
2 0.5739583373069763 0.6685185432434082 0.574999988079071 0.6703703999519348 0.574999988079071 0.6740740537643433 0.5760416388511658 0.6740740537643433 0.5770833492279053 0.6759259104728699 0.578125 0.6759259104728699 0.5791666507720947 0.6777777671813965 0.5822916626930237 0.6777777671813965 0.5833333134651184 0.6796296238899231 0.5874999761581421 0.6796296238899231 0.5885416865348816 0.6777777671813965 0.5895833373069763 0.6777777671813965 0.590624988079071 0.6796296238899231 0.5916666388511658 0.6796296238899231 0.5927083492279053 0.6814814805984497 0.59375 0.6814814805984497 0.5947916507720947 0.6833333373069763 0.596875011920929 0.6833333373069763 0.5979166626930237 0.6851851940155029 0.5989583134651184 0.6851851940155029 0.5989583134651184 0.6796296238899231 0.596875011920929 0.6759259104728699 0.59375 0.6759259104728699 0.590624988079071 0.6703703999519348 0.5874999761581421 0.6703703999519348 0.5864583253860474 0.6685185432434082 0.5854166746139526 0.6685185432434082 0.5822916626930237 0.6629629731178284 0.5833333134651184 0.6611111164093018 0.5843750238418579 0.6611111164093018 0.581250011920929 0.6611111164093018 0.5791666507720947 0.664814829826355 0.578125 0.664814829826355 0.5770833492279053 0.6666666865348816 0.5760416388511658 0.6666666865348816 0.574999988079071 0.6685185432434082
2 0.534375011920929 0.6499999761581421 0.5333333611488342 0.6481481194496155 0.528124988079071 0.6481481194496155 0.5239583253860474 0.6555555462837219 0.518750011920929 0.6555555462837219 0.5177083611488342 0.6537036895751953 0.5145833492279053 0.6537036895751953 0.5135416388511658 0.6555555462837219 0.512499988079071 0.6555555462837219 0.5114583373069763 0.6574074029922485 0.5104166865348816 0.6574074029922485 0.5177083611488342 0.6574074029922485 0.518750011920929 0.6592592597007751 0.5218750238418579 0.6592592597007751 0.5229166746139526 0.6611111164093018 0.5229166746139526 0.6629629731178284 0.5239583253860474 0.6629629731178284 0.5249999761581421 0.664814829826355 0.53125 0.664814829826355 0.5322916507720947 0.6629629731178284 0.53125 0.6611111164093018 0.53125 0.6592592597007751 0.5302083492279053 0.6574074029922485 0.53125 0.6555555462837219 0.534375011920929 0.6555555462837219
2 0.6937500238418579 0.6574074029922485 0.6958333253860474 0.6629629731178284 0.6947916746139526 0.664814829826355 0.703125 0.6740740537643433 0.7020833492279053 0.6796296238899231 0.6968749761581421 0.6814814805984497 0.6989583373069763 0.6851851940155029 0.7010416388511658 0.6851851940155029 0.7020833492279053 0.6888889074325562 0.7052083611488342 0.6870370507240295 0.7093750238418579 0.6925926208496094 0.7072916626930237 0.6981481313705444 0.699999988079071 0.7018518447875977 0.706250011920929 0.7037037014961243 0.7114583253860474 0.7185184955596924 0.7197916507720947 0.7166666388511658 0.7208333611488342 0.7185184955596924 0.7166666388511658 0.720370352268219 0.715624988079071 0.7240740656852722 0.721875011920929 0.729629635810852 0.7281249761581421 0.729629635810852 0.7333333492279053 0.7259259223937988 0.7447916865348816 0.7277777791023254 0.7479166388511658 0.7259259223937988 0.7489583492279053 0.720370352268219 0.7510416507720947 0.720370352268219 0.753125011920929 0.7259259223937988 0.778124988079071 0.7333333492279053 0.7802083492279053 0.7277777791023254 0.7833333611488342 0.7277777791023254 0.784375011920929 0.7240740656852722 0.793749988079071 0.7277777791023254 0.796875 0.7314814925193787 0.7916666865348816 0.7222222089767456 0.7802083492279053 0.7148148417472839 0.7791666388511658 0.7111111283302307 0.7697916626930237 0.7055555582046509 0.7645833492279053 0.6962962746620178 0.7604166865348816 0.6981481313705444 0.7604166865348816 0.7018518447875977 0.7645833492279053 0.7055555582046509 0.7635416388511658 0.7092592716217041 0.7562500238418579 0.7129629850387573 0.7458333373069763 0.7092592716217041 0.7447916865348816 0.7018518447875977 0.7510416507720947 0.6962962746620178 0.7520833611488342 0.6907407641410828 0.7614583373069763 0.6888889074325562 0.7583333253860474 0.6870370507240295 0.7572916746139526 0.6833333373069763 0.7583333253860474 0.6814814805984497 0.7614583373069763 0.6814814805984497 0.7645833492279053 0.6870370507240295 0.7729166746139526 0.6870370507240295 0.7718750238418579 0.6833333373069763 0.7635416388511658 0.6777777671813965 0.7614583373069763 0.6814814805984497 0.7520833611488342 0.6666666865348816 0.753125011920929 0.6629629731178284 0.7552083134651184 0.6629629731178284 0.762499988079071 0.6703703999519348 0.7739583253860474 0.6703703999519348 0.7729166746139526 0.6666666865348816 0.768750011920929 0.6629629731178284 0.7572916746139526 0.6592592597007751 0.7458333373069763 0.6481481194496155 0.7333333492279053 0.6481481194496155 0.7322916388511658 0.6462963223457336 0.7291666865348816 0.6481481194496155 0.7208333611488342 0.6462963223457336 0.7239583134651184 0.6499999761581421 0.7229166626930237 0.6537036895751953 0.71875 0.6518518328666687 0.7145833373069763 0.6537036895751953 0.7124999761581421 0.6499999761581421 0.7010416388511658 0.6518518328666687
2 0.9989583492279053 0.6037036776542664 0.9989583492279053 0.5907407402992249 0.9916666746139526 0.5907407402992249 0.9906250238418579 0.5925925970077515 0.9802083373069763 0.5925925970077515 0.9802083373069763 0.5944444537162781 0.9822916388511658 0.5944444537162781 0.9833333492279053 0.5962963104248047 0.9864583611488342 0.5962963104248047 0.987500011920929 0.5981481671333313 0.9895833134651184 0.5981481671333313 0.9906250238418579 0.6000000238418579 0.9927083253860474 0.6000000238418579 0.9937499761581421 0.6018518805503845 0.9958333373069763 0.6018518805503845 0.996874988079071 0.6037036776542664
2 0.0 0.4592592716217041 0.0020833334419876337 0.4592592716217041 0.0031250000465661287 0.4574074149131775 0.008333333767950535 0.4574074149131775 0.00937500037252903 0.4555555582046509 0.01354166679084301 0.4555555582046509 0.014583333395421505 0.45370370149612427 0.01666666753590107 0.45370370149612427 0.01770833320915699 0.45185184478759766 0.01979166641831398 0.45185184478759766 0.02083333395421505 0.44999998807907104 0.02187499962747097 0.44999998807907104 0.02291666716337204 0.4481481611728668 0.02395833283662796 0.4481481611728668 0.02916666679084301 0.442592591047287 0.03125 0.442592591047287 0.03229166567325592 0.4407407343387604 0.02604166604578495 0.4407407343387604 0.02500000037252903 0.43888887763023376 0.02604166604578495 0.43703705072402954 0.02708333358168602 0.43703705072402954 0.02500000037252903 0.43703705072402954 0.02395833283662796 0.43518519401550293 0.02500000037252903 0.4333333373069763 0.03125 0.4333333373069763 0.03229166567325592 0.4314814805984497 0.03854166716337204 0.4314814805984497 0.03958333283662796 0.4296296238899231 0.04479166492819786 0.4296296238899231 0.04270833358168602 0.4296296238899231 0.0416666679084301 0.4277777671813965 0.04270833358168602 0.42592594027519226 0.04479166492819786 0.42592594027519226 0.04583333432674408 0.42407408356666565 0.05000000074505806 0.42407408356666565 0.05104166641831398 0.42222222685813904 0.0572916679084301 0.42222222685813904 0.05833333358168602 0.4203703701496124 0.0625 0.4203703701496124 0.03229166567325592 0.4203703701496124 0.03125 0.42222222685813904 0.02083333395421505 0.42222222685813904 0.01979166641831398 0.4203703701496124 0.0031250000465661287 0.4203703701496124 0.0020833334419876337 0.42222222685813904 0.0 0.42222222685813904
2 0.14270833134651184 0.4185185134410858 0.14166666567325592 0.4166666567325592 0.13854166865348816 0.4166666567325592 0.13750000298023224 0.4148148000240326 0.13854166865348816 0.41296297311782837 0.13750000298023224 0.41296297311782837 0.13645833730697632 0.4148148000240326 0.12604166567325592 0.4148148000240326 0.125 0.4166666567325592 0.11562500149011612 0.4166666567325592 0.1145833358168602 0.4185185134410858 0.11145833134651184 0.4185185134410858 0.11041666567325592 0.4166666567325592 0.10729166865348816 0.4166666567325592 0.10833333432674408 0.4185185134410858 0.10729166865348816 0.4203703701496124 0.10208333283662796 0.4203703701496124 0.10104166716337204 0.42222222685813904 0.09583333134651184 0.42222222685813904 0.09479166567325592 0.42407408356666565 0.09166666865348816 0.42407408356666565 0.09062500298023224 0.42592594027519226 0.0885416641831398 0.42592594027519226 0.08749999850988388 0.4277777671813965 0.08749999850988388 0.4296296238899231 0.08645833283662796 0.4314814805984497 0.08437500149011612 0.4314814805984497 0.08541666716337204 0.4333333373069763 0.08749999850988388 0.4333333373069763 0.0885416641831398 0.4314814805984497 0.09479166567325592 0.4314814805984497 0.09583333134651184 0.4296296238899231 0.10104166716337204 0.4296296238899231 0.10104166716337204 0.4277777671813965 0.10208333283662796 0.42592594027519226 0.10312499850988388 0.42592594027519226 0.1041666641831398 0.4277777671813965 0.10833333432674408 0.4277777671813965 0.109375 0.42592594027519226 0.11562500149011612 0.42592594027519226 0.11666666716337204 0.42407408356666565 0.12187500298023224 0.42407408356666565 0.12291666865348816 0.42222222685813904 0.12812499701976776 0.42222222685813904 0.12916666269302368 0.4203703701496124 0.1354166716337204 0.4203703701496124 0.13645833730697632 0.4185185134410858 0.13854166865348816 0.4185185134410858 0.13958333432674408 0.4166666567325592 0.140625 0.4166666567325592 0.14166666567325592 0.4185185134410858
2 0.20729166269302368 0.39629629254341125 0.20937499403953552 0.4000000059604645 0.21041665971279144 0.39814814925193787 0.21770833432674408 0.39814814925193787 0.21875 0.39629629254341125 0.22083333134651184 0.39629629254341125 0.22187499701976776 0.39444443583488464 0.22291666269302368 0.39444443583488464 0.2239583283662796 0.39629629254341125 0.2395833283662796 0.39629629254341125 0.22499999403953552 0.39629629254341125 0.2239583283662796 0.39444443583488464 0.21145834028720856 0.39444443583488464 0.21041665971279144 0.39629629254341125
2 0.11874999850988388 0.385185182094574 0.1197916641831398 0.3870370388031006 0.1197916641831398 0.3888888955116272 0.12083332985639572 0.3888888955116272 0.12187500298023224 0.3907407522201538 0.12395833432674408 0.3907407522201538 0.125 0.3888888955116272 0.12708333134651184 0.3888888955116272 0.12812499701976776 0.3870370388031006 0.13124999403953552 0.3870370388031006 0.13229165971279144 0.385185182094574 0.13645833730697632 0.385185182094574 0.13750000298023224 0.38333332538604736 0.13854166865348816 0.385185182094574 0.13854166865348816 0.3870370388031006 0.13750000298023224 0.3888888955116272 0.13645833730697632 0.3888888955116272 0.13645833730697632 0.3907407522201538 0.1354166716337204 0.39259257912635803 0.14166666567325592 0.39259257912635803 0.14270833134651184 0.3907407522201538 0.14791665971279144 0.3907407522201538 0.14895834028720856 0.3888888955116272 0.15312500298023224 0.3888888955116272 0.15416666865348816 0.3870370388031006 0.15729166567325592 0.3870370388031006 0.15833333134651184 0.385185182094574 0.16354165971279144 0.385185182094574 0.15416666865348816 0.385185182094574 0.15312500298023224 0.3870370388031006 0.14895834028720856 0.3870370388031006 0.14791665971279144 0.3888888955116272 0.13958333432674408 0.3888888955116272 0.13854166865348816 0.3870370388031006 0.140625 0.38333332538604736 0.14479166269302368 0.38333332538604736 0.14374999701976776 0.38148146867752075 0.140625 0.38148146867752075 0.13958333432674408 0.38333332538604736 0.13333334028720856 0.38333332538604736 0.13229165971279144 0.38148146867752075 0.12916666269302368 0.38148146867752075 0.1302083283662796 0.38148146867752075 0.13124999403953552 0.38333332538604736 0.1302083283662796 0.385185182094574 0.125 0.385185182094574 0.12395833432674408 0.38333332538604736 0.125 0.385185182094574 0.12395833432674408 0.3870370388031006 0.1197916641831398 0.3870370388031006
2 0.19583334028720856 0.38333332538604736 0.21041665971279144 0.38333332538604736 0.21145834028720856 0.38148146867752075 0.21250000596046448 0.38148146867752075 0.21041665971279144 0.38148146867752075 0.20937499403953552 0.37962964177131653 0.20104166865348816 0.37962964177131653 0.20000000298023224 0.38148146867752075 0.1979166716337204 0.38148146867752075 0.19687500596046448 0.38333332538604736
2 0.30937498807907104 0.37037035822868347 0.3083333373069763 0.37037035822868347 0.3072916567325592 0.36851853132247925 0.296875 0.36851853132247925 0.2958333194255829 0.37037035822868347 0.2916666567325592 0.37037035822868347 0.2927083373069763 0.37037035822868347 0.29374998807907104 0.3722222149372101 0.2927083373069763 0.3740740716457367 0.28437501192092896 0.3740740716457367 0.28333333134651184 0.3759259283542633 0.27916666865348816 0.3759259283542633 0.27812498807907104 0.3777777850627899 0.2770833373069763 0.3777777850627899 0.2760416567325592 0.3759259283542633 0.2614583373069763 0.3759259283542633 0.2604166567325592 0.3777777850627899 0.25312501192092896 0.3777777850627899 0.2510416805744171 0.38148146867752075 0.24791666865348816 0.38148146867752075 0.2541666626930237 0.38148146867752075 0.2552083432674408 0.37962964177131653 0.2593750059604645 0.37962964177131653 0.2604166567325592 0.3777777850627899 0.2614583373069763 0.3777777850627899 0.26249998807907104 0.3759259283542633 0.265625 0.3759259283542633 0.2666666805744171 0.3777777850627899 0.27291667461395264 0.3777777850627899 0.27395832538604736 0.3759259283542633 0.2750000059604645 0.3759259283542633 0.2760416567325592 0.3777777850627899 0.2750000059604645 0.37962964177131653 0.2760416567325592 0.38148146867752075 0.2770833373069763 0.37962964177131653 0.28333333134651184 0.37962964177131653 0.28437501192092896 0.3777777850627899 0.2874999940395355 0.3777777850627899 0.28854167461395264 0.3759259283542633 0.2916666567325592 0.3759259283542633 0.2927083373069763 0.3740740716457367 0.29479166865348816 0.3740740716457367 0.2958333194255829 0.3722222149372101 0.3020833432674408 0.3722222149372101 0.3031249940395355 0.37037035822868347
2 0.9989583492279053 0.4166666567325592 0.9989583492279053 0.3722222149372101 0.9937499761581421 0.37037035822868347 0.9489583373069763 0.36851853132247925 0.9479166865348816 0.36666667461395264 0.9270833134651184 0.36851853132247925 0.9260416626930237 0.37037035822868347 0.9447916746139526 0.3740740716457367 0.949999988079071 0.3722222149372101 0.9552083611488342 0.3759259283542633 0.965624988079071 0.3759259283542633 0.9666666388511658 0.3777777850627899 0.965624988079071 0.37962964177131653 0.9489583373069763 0.3777777850627899 0.9447916746139526 0.385185182094574 0.971875011920929 0.3907407522201538 0.9729166626930237 0.39259257912635803 0.971875011920929 0.39444443583488464 0.9479166865348816 0.3907407522201538 0.9239583611488342 0.39259257912635803 0.9135416746139526 0.3907407522201538 0.9125000238418579 0.3888888955116272 0.9135416746139526 0.3870370388031006 0.9166666865348816 0.3870370388031006 0.8979166746139526 0.3888888955116272 0.871874988079071 0.38333332538604736 0.859375 0.385185182094574 0.887499988079071 0.3888888955116272 0.8916666507720947 0.39444443583488464 0.8833333253860474 0.39629629254341125 0.893750011920929 0.4000000059604645 0.9041666388511658 0.39629629254341125 0.9281250238418579 0.40925925970077515 0.9520833492279053 0.40740740299224854 0.9760416746139526 0.4185185134410858
2 0.12291666865348816 0.3722222149372101 0.10833333432674408 0.3740740716457367 0.10729166865348816 0.3722222149372101 0.11145833134651184 0.36666667461395264 0.109375 0.36666667461395264 0.10729166865348816 0.37037035822868347 0.10104166716337204 0.3722222149372101 0.08229167014360428 0.3722222149372101 0.0833333358168602 0.3740740716457367 0.078125 0.3777777850627899 0.06145833432674408 0.3777777850627899 0.05624999850988388 0.3740740716457367 0.05000000074505806 0.37962964177131653 0.02812499925494194 0.38148146867752075 0.02604166604578495 0.385185182094574 0.01979166641831398 0.3870370388031006 0.012500000186264515 0.385185182094574 0.008333333767950535 0.3907407522201538 0.0 0.39259257912635803 0.0 0.41296297311782837 0.04374999925494194 0.40925925970077515 0.04479166492819786 0.41111111640930176 0.03854166716337204 0.4148148000240326 0.015625 0.4166666567325592 0.03541666641831398 0.4166666567325592 0.0364583320915699 0.4148148000240326 0.05937499925494194 0.41296297311782837 0.0729166641831398 0.40740740299224854 0.08437500149011612 0.40740740299224854 0.10104166716337204 0.4000000059604645 0.1197916641831398 0.39814814925193787 0.11145833134651184 0.39629629254341125 0.109375 0.39259257912635803 0.11041666567325592 0.3907407522201538 0.11874999850988388 0.39259257912635803 0.11249999701976776 0.39259257912635803 0.11145833134651184 0.3907407522201538 0.1145833358168602 0.3870370388031006 0.1041666641831398 0.3907407522201538 0.09270833432674408 0.3907407522201538 0.09166666865348816 0.3888888955116272 0.10208333283662796 0.38333332538604736 0.0989583358168602 0.38148146867752075 0.10000000149011612 0.37962964177131653 0.10625000298023224 0.38148146867752075 0.12083332985639572 0.37962964177131653 0.1145833358168602 0.38148146867752075 0.10625000298023224 0.37962964177131653 0.11145833134651184 0.3759259283542633 0.11874999850988388 0.3759259283542633
2 0.0 0.9981481432914734 0.15833333134651184 0.9981481432914734 0.17812499403953552 0.9222221970558167 0.15729166567325592 0.9055555462837219 0.1354166716337204 0.9481481313705444 0.13750000298023224 0.8925926089286804 0.09270833432674408 0.9111111164093018 0.0989583358168602 0.8759258985519409 0.0833333358168602 0.864814817905426 0.12916666269302368 0.8518518805503845 0.19166666269302368 0.7222222089767456 0.20624999701976776 0.7240740656852722 0.17083333432674408 0.7888888716697693 0.31458333134651184 0.7055555582046509 0.3010416626930237 0.7018518447875977 0.3645833432674408 0.6000000238418579 0.5062500238418579 0.7481481432914734 0.4749999940395355 0.7055555582046509 0.484375 0.6814814805984497 0.421875 0.6499999761581421 0.8989583253860474 0.6277777552604675 0.7020833492279053 0.47777777910232544 0.7135416865348816 0.46481481194496155 0.6885416507720947 0.4407407343387604 0.7083333134651184 0.42592594027519226 0.78125 0.4333333373069763 0.71875 0.47592592239379883 0.8885416388511658 0.47592592239379883 0.9989583492279053 0.5666666626930237 0.9989583492279053 0.43703705072402954 0.7927083373069763 0.3722222149372101 0.5916666388511658 0.3722222149372101 0.5447916388511658 0.3907407522201538 0.643750011920929 0.45185184478759766 0.590624988079071 0.47777777910232544 0.46145832538604736 0.4592592716217041 0.4281249940395355 0.42407408356666565 0.38229167461395264 0.5129629373550415 0.328125 0.5018518567085266 0.3531250059604645 0.47962963581085205 0.3375000059604645 0.46481481194496155 0.41458332538604736 0.39629629254341125 0.36250001192092896 0.3592592477798462 0.3072916567325592 0.39629629254341125 0.06145833432674408 0.4462963044643402 0.0 0.48148149251937866 0.0 0.7111111283302307 0.1875 0.7240740656852722 0.0031250000465661287 0.9518518447875977
2 0.41458332538604736 0.3722222149372101 0.41979166865348816 0.3722222149372101 0.4208333194255829 0.3740740716457367 0.4229166805744171 0.3740740716457367 0.42395833134651184 0.3722222149372101 0.4270833432674408 0.3722222149372101 0.42916667461395264 0.36851853132247925 0.43020832538604736 0.36851853132247925 0.4312500059604645 0.36666667461395264 0.4479166567325592 0.36666667461395264 0.4489583373069763 0.36851853132247925 0.44999998807907104 0.36851853132247925 0.4489583373069763 0.36851853132247925 0.4479166567325592 0.36666667461395264 0.4468750059604645 0.36666667461395264 0.44583332538604736 0.364814817905426 0.44479167461395264 0.364814817905426 0.4427083432674408 0.3611111044883728 0.44062501192092896 0.3611111044883728 0.43958333134651184 0.3592592477798462 0.4364583194255829 0.3592592477798462 0.43541666865348816 0.35740742087364197 0.4322916567325592 0.35740742087364197 0.4312500059604645 0.35555556416511536 0.42500001192092896 0.35555556416511536 0.42500001192092896 0.35740742087364197 0.4260416626930237 0.35740742087364197 0.4270833432674408 0.3592592477798462 0.42500001192092896 0.3629629611968994 0.4229166805744171 0.3629629611968994 0.4229166805744171 0.36666667461395264 0.4208333194255829 0.37037035822868347 0.4156250059604645 0.37037035822868347
2 0.3708333373069763 0.35740742087364197 0.37291666865348816 0.35740742087364197 0.375 0.3611111044883728 0.37812501192092896 0.3611111044883728 0.3791666626930237 0.3629629611968994 0.3854166567325592 0.3629629611968994 0.3864583373069763 0.364814817905426 0.3895833194255829 0.364814817905426 0.390625 0.3629629611968994 0.4000000059604645 0.3629629611968994 0.4020833373069763 0.3592592477798462 0.40625 0.3592592477798462 0.4020833373069763 0.3592592477798462 0.4010416567325592 0.35740742087364197 0.4020833373069763 0.35555556416511536 0.40416666865348816 0.35555556416511536 0.39895832538604736 0.35555556416511536 0.39791667461395264 0.35370370745658875 0.3843750059604645 0.35370370745658875 0.38333332538604736 0.35555556416511536 0.38229167461395264 0.35555556416511536 0.3812499940395355 0.35740742087364197
2 0.3687500059604645 0.3462963104248047 0.36770832538604736 0.3462963104248047 0.36666667461395264 0.3444444537162781 0.3645833432674408 0.3444444537162781 0.3635416626930237 0.3462963104248047 0.36250001192092896 0.3462963104248047 0.36145833134651184 0.3444444537162781 0.3604166805744171 0.3444444537162781 0.359375 0.3462963104248047 0.3531250059604645 0.3462963104248047 0.35208332538604736 0.3481481373310089 0.35104167461395264 0.3481481373310089 0.3499999940395355 0.3499999940395355 0.328125 0.3499999940395355 0.3270833194255829 0.35185185074806213 0.32499998807907104 0.35185185074806213 0.32499998807907104 0.35370370745658875 0.328125 0.35370370745658875 0.3291666805744171 0.35555556416511536 0.3333333432674408 0.35555556416511536 0.3343749940395355 0.35370370745658875 0.34166666865348816 0.35370370745658875 0.3427083194255829 0.35555556416511536 0.34687501192092896 0.35555556416511536 0.3489583432674408 0.35185185074806213 0.3499999940395355 0.35370370745658875 0.3541666567325592 0.35370370745658875 0.3552083373069763 0.35555556416511536 0.3552083373069763 0.35740742087364197 0.3552083373069763 0.35555556416511536 0.3541666567325592 0.35370370745658875 0.3541666567325592 0.35185185074806213 0.3531250059604645 0.3499999940395355 0.3541666567325592 0.3481481373310089 0.3583333194255829 0.3481481373310089 0.359375 0.3462963104248047 0.3645833432674408 0.3462963104248047 0.3656249940395355 0.3444444537162781 0.36666667461395264 0.3444444537162781 0.36770832538604736 0.3462963104248047
2 0.140625 0.34259259700775146 0.13124999403953552 0.34259259700775146 0.1302083283662796 0.3444444537162781 0.1145833358168602 0.3444444537162781 0.11354167014360428 0.3462963104248047 0.11041666567325592 0.3462963104248047 0.109375 0.3481481373310089 0.08958332985639572 0.3481481373310089 0.0885416641831398 0.3499999940395355 0.08749999850988388 0.3481481373310089 0.08541666716337204 0.3499999940395355 0.06562499701976776 0.3499999940395355 0.06458333134651184 0.3481481373310089 0.05937499925494194 0.3481481373310089 0.06145833432674408 0.35185185074806213 0.06041666492819786 0.35370370745658875 0.05416666716337204 0.35370370745658875 0.05312500149011612 0.35555556416511536 0.04583333432674408 0.35555556416511536 0.04479166492819786 0.35740742087364197 0.03958333283662796 0.35740742087364197 0.03854166716337204 0.3592592477798462 0.03541666641831398 0.3592592477798462 0.04791666567325592 0.3592592477798462 0.0520833320915699 0.364814817905426 0.05104166641831398 0.36666667461395264 0.04062499850988388 0.36851853132247925 0.04270833358168602 0.36851853132247925 0.04374999925494194 0.37037035822868347 0.04270833358168602 0.3722222149372101 0.03958333283662796 0.3722222149372101 0.03854166716337204 0.37037035822868347 0.03541666641831398 0.37037035822868347 0.03437500074505806 0.3722222149372101 0.02812499925494194 0.3722222149372101 0.03333333507180214 0.3722222149372101 0.03437500074505806 0.3740740716457367 0.0364583320915699 0.3722222149372101 0.04374999925494194 0.3722222149372101 0.04479166492819786 0.37037035822868347 0.04895833507180214 0.37037035822868347 0.05000000074505806 0.36851853132247925 0.0572916679084301 0.36851853132247925 0.05833333358168602 0.36666667461395264 0.06145833432674408 0.36666667461395264 0.0625 0.364814817905426 0.07500000298023224 0.3629629611968994 0.07604166865348816 0.3611111044883728 0.08020833134651184 0.3611111044883728 0.08124999701976776 0.3592592477798462 0.08541666716337204 0.3592592477798462 0.08645833283662796 0.35740742087364197 0.09270833432674408 0.35740742087364197 0.09375 0.35555556416511536 0.10312499850988388 0.35555556416511536 0.1041666641831398 0.35370370745658875 0.11249999701976776 0.35185185074806213 0.11354167014360428 0.3499999940395355 0.12083332985639572 0.3499999940395355 0.12187500298023224 0.3481481373310089 0.12708333134651184 0.3481481373310089 0.13124999403953552 0.3444444537162781 0.13958333432674408 0.3444444537162781
2 0.45104166865348816 0.3481481373310089 0.4520833194255829 0.3499999940395355 0.46875 0.3499999940395355 0.4697916805744171 0.35185185074806213 0.4697916805744171 0.35370370745658875 0.46875 0.35555556416511536 0.4677083194255829 0.35555556416511536 0.46875 0.35740742087364197 0.47187501192092896 0.35740742087364197 0.4749999940395355 0.35370370745658875 0.4885416626930237 0.35370370745658875 0.49270832538604736 0.3592592477798462 0.49166667461395264 0.3611111044883728 0.4947916567325592 0.36666667461395264 0.5114583373069763 0.36666667461395264 0.512499988079071 0.364814817905426 0.5145833492279053 0.364814817905426 0.5145833492279053 0.3629629611968994 0.5166666507720947 0.3592592477798462 0.5166666507720947 0.35740742087364197 0.5208333134651184 0.3444444537162781 0.5218750238418579 0.3462963104248047 0.5218750238418579 0.3499999940395355 0.5208333134651184 0.35185185074806213 0.5208333134651184 0.35370370745658875 0.5302083492279053 0.34074074029922485 0.5239583253860474 0.34074074029922485 0.5218750238418579 0.3462963104248047 0.5208333134651184 0.3444444537162781 0.5208333134651184 0.34259259700775146 0.5135416388511658 0.34259259700775146 0.512499988079071 0.3444444537162781 0.5 0.3444444537162781 0.4989583194255829 0.34259259700775146 0.5 0.34074074029922485 0.5041666626930237 0.34074074029922485 0.49166667461395264 0.34074074029922485 0.4906249940395355 0.34259259700775146 0.4895833432674408 0.34259259700775146 0.4885416626930237 0.34074074029922485 0.48750001192092896 0.34259259700775146 0.4833333194255829 0.34259259700775146 0.48229166865348816 0.34074074029922485 0.48124998807907104 0.34259259700775146 0.4802083373069763 0.34074074029922485 0.4802083373069763 0.34259259700775146 0.4791666567325592 0.3444444537162781 0.46666666865348816 0.3444444537162781 0.4635416567325592 0.3481481373310089
2 0.6552083492279053 0.3296296298503876 0.6552083492279053 0.3314814865589142 0.6635416746139526 0.3314814865589142 0.6645833253860474 0.3333333432674408 0.6625000238418579 0.3351851999759674 0.6656249761581421 0.3351851999759674 0.6666666865348816 0.33703702688217163 0.6656249761581421 0.33888888359069824 0.6572916507720947 0.33888888359069824 0.65625 0.34074074029922485 0.6635416746139526 0.34074074029922485 0.6666666865348816 0.33703702688217163 0.6708333492279053 0.33703702688217163 0.671875 0.33888888359069824 0.6885416507720947 0.33888888359069824 0.6895833611488342 0.34074074029922485 0.7124999761581421 0.34074074029922485 0.7114583253860474 0.33888888359069824 0.7135416865348816 0.3351851999759674 0.7260416746139526 0.3351851999759674 0.7270833253860474 0.3333333432674408 0.7302083373069763 0.3333333432674408 0.731249988079071 0.3351851999759674 0.7354166507720947 0.3314814865589142 0.737500011920929 0.3333333432674408 0.7427083253860474 0.3333333432674408 0.7406250238418579 0.3314814865589142 0.7333333492279053 0.3314814865589142 0.7322916388511658 0.3333333432674408 0.715624988079071 0.3333333432674408 0.7114583253860474 0.33703702688217163 0.7041666507720947 0.33703702688217163 0.703125 0.3351851999759674 0.7041666507720947 0.3333333432674408 0.7093750238418579 0.3333333432674408 0.7104166746139526 0.3314814865589142 0.7124999761581421 0.3314814865589142 0.6989583373069763 0.3314814865589142 0.703125 0.3314814865589142 0.7041666507720947 0.3333333432674408 0.703125 0.3351851999759674 0.6947916746139526 0.3351851999759674 0.6937500238418579 0.33703702688217163 0.690625011920929 0.33703702688217163 0.6895833611488342 0.3351851999759674 0.6833333373069763 0.3351851999759674 0.6822916865348816 0.3333333432674408 0.6760416626930237 0.3333333432674408 0.675000011920929 0.3314814865589142 0.6645833253860474 0.3314814865589142 0.6635416746139526 0.3296296298503876
2 0.20104166865348816 0.32777777314186096 0.1979166716337204 0.32777777314186096 0.19687500596046448 0.32592591643333435 0.18125000596046448 0.32592591643333435 0.18020834028720856 0.32777777314186096 0.17812499403953552 0.32777777314186096 0.1770833283662796 0.32592591643333435 0.17604166269302368 0.32777777314186096 0.15729166567325592 0.32777777314186096 0.15625 0.3296296298503876 0.14791665971279144 0.3296296298503876 0.1510416716337204 0.3296296298503876 0.15208333730697632 0.3314814865589142 0.15312500298023224 0.3314814865589142 0.15416666865348816 0.3296296298503876 0.15625 0.3296296298503876 0.15729166567325592 0.3314814865589142 0.16041666269302368 0.3314814865589142 0.1614583283662796 0.3296296298503876 0.16249999403953552 0.3296296298503876 0.16354165971279144 0.32777777314186096 0.171875 0.32777777314186096 0.17291666567325592 0.3296296298503876 0.1770833283662796 0.3296296298503876 0.17812499403953552 0.3314814865589142 0.18645833432674408 0.3314814865589142 0.1875 0.3296296298503876 0.18854166567325592 0.3296296298503876 0.18958333134651184 0.3314814865589142 0.19166666269302368 0.3314814865589142 0.1927083283662796 0.3296296298503876 0.19479165971279144 0.3296296298503876 0.19583334028720856 0.32777777314186096
2 0.5562499761581421 0.32777777314186096 0.5729166865348816 0.32777777314186096 0.5739583373069763 0.32592591643333435 0.5895833373069763 0.32592591643333435 0.5791666507720947 0.32592591643333435 0.578125 0.32407405972480774 0.5718749761581421 0.32407405972480774 0.5708333253860474 0.32592591643333435 0.5697916746139526 0.32407405972480774 0.5687500238418579 0.32407405972480774 0.5677083134651184 0.32592591643333435 0.559374988079071 0.32592591643333435 0.5583333373069763 0.32777777314186096 0.5572916865348816 0.32777777314186096 0.5562499761581421 0.32592591643333435
2 0.4989583194255829 0.32407405972480774 0.4489583373069763 0.32407405972480774 0.4489583373069763 0.3185185194015503 0.46041667461395264 0.3185185194015503 0.43020832538604736 0.3166666626930237 0.40312498807907104 0.3185185194015503 0.40416666865348816 0.3203703761100769 0.4020833373069763 0.32407405972480774 0.38333332538604736 0.32407405972480774 0.3697916567325592 0.32777777314186096 0.36770832538604736 0.32407405972480774 0.3062500059604645 0.32592591643333435 0.30000001192092896 0.3351851999759674 0.3291666805744171 0.3314814865589142 0.3343749940395355 0.3333333432674408 0.3447916805744171 0.3296296298503876 0.35208332538604736 0.3333333432674408 0.375 0.3296296298503876 0.40937501192092896 0.3296296298503876 0.40937501192092896 0.3333333432674408 0.3843750059604645 0.3333333432674408 0.3791666626930237 0.33888888359069824 0.3739583194255829 0.33888888359069824 0.37708333134651184 0.33888888359069824 0.3802083432674408 0.3444444537162781 0.4072916805744171 0.3444444537162781 0.4114583432674408 0.34259259700775146 0.40625 0.34074074029922485 0.40625 0.33703702688217163 0.42395833134651184 0.3351851999759674 0.43541666865348816 0.3296296298503876
2 0.1510416716337204 0.3092592656612396 0.16562500596046448 0.3092592656612396 0.1666666716337204 0.31111112236976624 0.171875 0.31111112236976624 0.17291666567325592 0.31296294927597046 0.17812499403953552 0.31296294927597046 0.17916665971279144 0.31481480598449707 0.18437500298023224 0.31481480598449707 0.18541666865348816 0.3166666626930237 0.18645833432674408 0.31481480598449707 0.19062499701976776 0.31481480598449707 0.19166666269302368 0.31296294927597046 0.19374999403953552 0.31296294927597046 0.19479165971279144 0.31111112236976624 0.1979166716337204 0.31111112236976624 0.19895833730697632 0.3092592656612396 0.20208333432674408 0.3092592656612396 0.20416666567325592 0.3055555522441864 0.20520833134651184 0.3055555522441864 0.18958333134651184 0.3055555522441864 0.18854166567325592 0.3037036955356598 0.17499999701976776 0.3037036955356598 0.17395833134651184 0.3018518388271332 0.15729166567325592 0.3018518388271332 0.15937499701976776 0.3018518388271332 0.1614583283662796 0.3055555522441864 0.16041666269302368 0.307407408952713 0.15729166567325592 0.307407408952713 0.15625 0.3092592656612396
2 0.13958333432674408 0.31296294927597046 0.13229165971279144 0.31111112236976624 0.1302083283662796 0.31481480598449707 0.12187500298023224 0.31481480598449707 0.12083332985639572 0.3166666626930237 0.09270833432674408 0.3166666626930237 0.08958332985639572 0.31296294927597046 0.08958332985639572 0.3092592656612396 0.09166666865348816 0.3055555522441864 0.10520832985639572 0.3037036955356598 0.11249999701976776 0.307407408952713 0.11874999850988388 0.3018518388271332 0.13437500596046448 0.3055555522441864 0.13437500596046448 0.3018518388271332 0.10729166865348816 0.3018518388271332 0.10625000298023224 0.3037036955356598 0.09270833432674408 0.3037036955356598 0.09166666865348816 0.3055555522441864 0.06562499701976776 0.3092592656612396 0.06458333134651184 0.31111112236976624 0.05104166641831398 0.31111112236976624 0.05000000074505806 0.31296294927597046 0.04791666567325592 0.31111112236976624 0.046875 0.31296294927597046 0.0364583320915699 0.31296294927597046 0.03541666641831398 0.31481480598449707 0.02395833283662796 0.31481480598449707 0.03958333283662796 0.31481480598449707 0.04062499850988388 0.31296294927597046 0.05520833283662796 0.31296294927597046 0.05624999850988388 0.31111112236976624 0.0625 0.31111112236976624 0.06354166567325592 0.31296294927597046 0.08645833283662796 0.31296294927597046 0.08749999850988388 0.31481480598449707 0.08437500149011612 0.3185185194015503 0.08229167014360428 0.3185185194015503 0.08229167014360428 0.3203703761100769 0.0885416641831398 0.3203703761100769 0.08958332985639572 0.3185185194015503 0.11041666567325592 0.3185185194015503 0.11145833134651184 0.3203703761100769 0.11041666567325592 0.3222222328186035 0.10520832985639572 0.3222222328186035 0.1041666641831398 0.32407405972480774 0.10520832985639572 0.3222222328186035 0.11249999701976776 0.32407405972480774 0.11770833283662796 0.3203703761100769 0.13229165971279144 0.3222222328186035 0.12708333134651184 0.3222222328186035 0.12604166567325592 0.3203703761100769 0.12916666269302368 0.3166666626930237 0.13750000298023224 0.3166666626930237
3 0.596875011920929 0.3296296298503876 0.6010416746139526 0.3296296298503876 0.6020833253860474 0.3314814865589142 0.606249988079071 0.3314814865589142 0.6072916388511658 0.3296296298503876 0.6083333492279053 0.3314814865589142 0.6114583611488342 0.3314814865589142 0.612500011920929 0.3333333432674408 0.6197916865348816 0.3333333432674408 0.6208333373069763 0.3314814865589142 0.6260416507720947 0.3314814865589142 0.6270833611488342 0.3333333432674408 0.628125011920929 0.3333333432674408 0.6291666626930237 0.3351851999759674 0.637499988079071 0.3351851999759674 0.6385416388511658 0.33703702688217163 0.6416666507720947 0.33703702688217163 0.6427083611488342 0.33888888359069824 0.6468750238418579 0.33888888359069824 0.6479166746139526 0.34074074029922485 0.6552083492279053 0.34074074029922485 0.65625 0.33888888359069824 0.65625 0.3351851999759674 0.6552083492279053 0.3333333432674408 0.653124988079071 0.3333333432674408 0.6520833373069763 0.3314814865589142 0.6510416865348816 0.3314814865589142 0.6499999761581421 0.3333333432674408 0.6489583253860474 0.3314814865589142 0.6479166746139526 0.3314814865589142 0.6468750238418579 0.3296296298503876 0.640625 0.3296296298503876 0.6395833492279053 0.3314814865589142 0.6385416388511658 0.3314814865589142 0.637499988079071 0.3296296298503876 0.6354166865348816 0.3296296298503876 0.6343749761581421 0.32777777314186096 0.6333333253860474 0.32777777314186096 0.6312500238418579 0.3314814865589142 0.6291666626930237 0.3314814865589142 0.628125011920929 0.3296296298503876 0.6260416507720947 0.3296296298503876 0.625 0.32777777314186096 0.6229166388511658 0.32777777314186096 0.621874988079071 0.3296296298503876 0.6208333373069763 0.32777777314186096 0.6177083253860474 0.32777777314186096 0.6166666746139526 0.32592591643333435 0.6114583611488342 0.32592591643333435 0.6104166507720947 0.32407405972480774 0.609375 0.32407405972480774 0.6083333492279053 0.32592591643333435 0.6072916388511658 0.32592591643333435 0.606249988079071 0.32777777314186096 0.606249988079071 0.3296296298503876 0.6052083373069763 0.3314814865589142 0.6041666865348816 0.3296296298503876
3 0.16041666269302368 0.3055555522441864 0.15937499701976776 0.3037036955356598 0.15729166567325592 0.3037036955356598 0.15625 0.3018518388271332 0.15520833432674408 0.3037036955356598 0.1510416716337204 0.3037036955356598 0.15000000596046448 0.3018518388271332 0.15000000596046448 0.30000001192092896 0.1354166716337204 0.30000001192092896 0.1354166716337204 0.3055555522441864 0.13437500596046448 0.307407408952713 0.13124999403953552 0.307407408952713 0.1302083283662796 0.3055555522441864 0.125 0.3055555522441864 0.12395833432674408 0.3037036955356598 0.11874999850988388 0.3037036955356598 0.11770833283662796 0.3055555522441864 0.11666666716337204 0.3055555522441864 0.11562500149011612 0.307407408952713 0.11354167014360428 0.307407408952713 0.11249999701976776 0.3092592656612396 0.11041666567325592 0.3092592656612396 0.109375 0.307407408952713 0.10625000298023224 0.307407408952713 0.10520832985639572 0.3055555522441864 0.0989583358168602 0.3055555522441864 0.09791667014360428 0.307407408952713 0.09166666865348816 0.307407408952713 0.09062500298023224 0.3092592656612396 0.09062500298023224 0.31296294927597046 0.09166666865348816 0.31296294927597046 0.09270833432674408 0.31481480598449707 0.12083332985639572 0.31481480598449707 0.12187500298023224 0.31296294927597046 0.1302083283662796 0.31296294927597046 0.13229165971279144 0.3092592656612396 0.13333334028720856 0.3092592656612396 0.13437500596046448 0.31111112236976624 0.14166666567325592 0.31111112236976624 0.14270833134651184 0.3092592656612396 0.15000000596046448 0.3092592656612396 0.1510416716337204 0.307407408952713 0.15625 0.307407408952713 0.15729166567325592 0.3055555522441864
