0 0.8052083253860474 0.9129629731178284 0.8020833134651184 0.9129629731178284 0.8020833134651184 0.9185185432434082 0.7958333492279053 0.9296296238899231 0.7958333492279053 0.9333333373069763 0.7947916388511658 0.9351851940155029 0.7947916388511658 0.9370370507240295 0.793749988079071 0.9388889074325562 0.793749988079071 0.9425926208496094 0.7927083373069763 0.9444444179534912 0.7916666865348816 0.9444444179534912 0.7906249761581421 0.9462962746620178 0.7875000238418579 0.9462962746620178 0.7864583134651184 0.9481481313705444 0.784375011920929 0.9481481313705444 0.7864583134651184 0.9518518447875977 0.7875000238418579 0.9518518447875977 0.7927083373069763 0.9611111283302307 0.7927083373069763 0.9648148417472839 0.793749988079071 0.9666666388511658 0.793749988079071 0.9685184955596924 0.7947916388511658 0.9685184955596924 0.8010416626930237 0.979629635810852 0.8010416626930237 0.9814814925193787 0.8020833134651184 0.9833333492279053 0.8020833134651184 0.9870370626449585 0.8020833134651184 0.9851852059364319 0.8031250238418579 0.9833333492279053 0.8052083253860474 0.9833333492279053 0.8052083253860474 0.9814814925193787 0.8041666746139526 0.979629635810852 0.8041666746139526 0.9759259223937988 0.8052083253860474 0.9740740656852722 0.8062499761581421 0.9740740656852722 0.8083333373069763 0.970370352268219 0.809374988079071 0.970370352268219 0.809374988079071 0.9685184955596924 0.8083333373069763 0.9666666388511658 0.8083333373069763 0.9629629850387573 0.8104166388511658 0.9592592716217041 0.8114583492279053 0.9592592716217041 0.8104166388511658 0.9574074149131775 0.8104166388511658 0.9555555582046509 0.809374988079071 0.9537037014961243 0.8104166388511658 0.9518518447875977 0.8104166388511658 0.949999988079071 0.8114583492279053 0.9481481313705444 0.809374988079071 0.9444444179534912 0.8104166388511658 0.9425926208496094 0.8114583492279053 0.9425926208496094 0.8135416507720947 0.9388889074325562 0.8125 0.9370370507240295 0.8125 0.9351851940155029 0.8135416507720947 0.9333333373069763 0.8135416507720947 0.9314814805984497 0.8145833611488342 0.9296296238899231 0.815625011920929 0.9296296238899231 0.8166666626930237 0.9277777671813965 0.815625011920929 0.9259259104728699 0.815625011920929 0.9222221970558167 0.8145833611488342 0.9203703999519348 0.8114583492279053 0.9203703999519348 0.809374988079071 0.9166666865348816 0.8083333373069763 0.9166666865348816 0.8072916865348816 0.914814829826355 0.8062499761581421 0.914814829826355
0 0.8385416865348816 0.9074074029922485 0.8395833373069763 0.9259259104728699 0.8427083492279053 0.9370370507240295 0.8500000238418579 0.9481481313705444 0.8541666865348816 0.9611111283302307 0.856249988079071 0.9759259223937988 0.8552083373069763 0.9777777791023254 0.856249988079071 0.9981481432914734 0.9760416746139526 0.9981481432914734 0.9083333611488342 0.9111111164093018 0.9052083492279053 0.9129629731178284 0.9052083492279053 0.9166666865348816 0.9072916507720947 0.9203703999519348 0.903124988079071 0.9259259104728699 0.90625 0.9314814805984497 0.903124988079071 0.9351851940155029 0.9052083492279053 0.9407407641410828 0.903124988079071 0.9462962746620178 0.9052083492279053 0.9555555582046509 0.9020833373069763 0.9592592716217041 0.9041666388511658 0.9629629850387573 0.903124988079071 0.9685184955596924 0.8989583253860474 0.9648148417472839 0.890625 0.9518518447875977 0.8885416388511658 0.9537037014961243 0.8812500238418579 0.9444444179534912 0.8791666626930237 0.9462962746620178 0.871874988079071 0.9351851940155029 0.8697916865348816 0.9370370507240295 0.8614583611488342 0.9259259104728699 0.856249988079071 0.9240740537643433 0.8500000238418579 0.914814829826355 0.8479166626930237 0.9166666865348816 0.8416666388511658 0.9074074029922485
0 0.746874988079071 0.8666666746139526 0.6833333373069763 0.8129629492759705 0.621874988079071 0.770370364189148 0.5833333134651184 0.7537037134170532 0.5708333253860474 0.7648147940635681 0.5677083134651184 0.7759259343147278 0.5458333492279053 0.8037037253379822 0.5375000238418579 0.8055555820465088 0.5375000238418579 0.8148148059844971 0.5052083134651184 0.8314814567565918 0.503125011920929 0.8388888835906982 0.49687498807907104 0.8370370268821716 0.48750001192092896 0.8500000238418579 0.4677083194255829 0.8518518805503845 0.4635416567325592 0.8611111044883728 0.38854166865348816 0.9166666865348816 0.3812499940395355 0.9074074029922485 0.38229167461395264 0.8981481194496155 0.3791666626930237 0.914814829826355 0.38333332538604736 0.9166666865348816 0.38333332538604736 0.9240740537643433 0.36250001192092896 0.9388889074325562 0.359375 0.9555555582046509 0.3760416805744171 0.9425926208496094 0.390625 0.9444444179534912 0.40833333134651184 0.9296296238899231 0.4114583432674408 0.9203703999519348 0.4177083373069763 0.9222221970558167 0.4229166805744171 0.9092592597007751 0.44479167461395264 0.8999999761581421 0.4489583373069763 0.9074074029922485 0.4541666805744171 0.949999988079071 0.4583333432674408 0.9537037014961243 0.4635416567325592 0.9962962865829468 0.5208333134651184 0.9462962746620178 0.5541666746139526 0.9018518328666687 0.5770833492279053 0.8518518805503845 0.5989583134651184 0.8444444537162781 0.606249988079071 0.8537036776542664 0.6291666626930237 0.9129629731178284 0.6312500238418579 0.9277777671813965 0.6489583253860474 0.9629629850387573 0.6656249761581421 0.949999988079071 0.684374988079071 0.9648148417472839 0.6989583373069763 0.9981481432914734 0.7333333492279053 0.9981481432914734 0.7385416626930237 0.9666666388511658 0.737500011920929 0.9388889074325562 0.7416666746139526 0.9240740537643433 0.7395833134651184 0.9111111164093018 0.7447916865348816 0.8870370388031006 0.7427083253860474 0.8685185313224792
0 0.612500011920929 0.5777778029441833 0.6114583611488342 0.5759259462356567 0.6104166507720947 0.5759259462356567 0.609375 0.5740740895271301 0.6031249761581421 0.5740740895271301 0.6020833253860474 0.5759259462356567 0.5874999761581421 0.5759259462356567 0.5864583253860474 0.5777778029441833 0.5697916746139526 0.5777778029441833 0.5687500238418579 0.5796296000480652 0.5604166388511658 0.5796296000480652 0.5604166388511658 0.5814814567565918 0.559374988079071 0.5833333134651184 0.559374988079071 0.585185170173645 0.5572916865348816 0.5888888835906982 0.5572916865348816 0.5981481671333313 0.5614583492279053 0.605555534362793 0.5625 0.6037036776542664 0.5645833611488342 0.6037036776542664 0.5645833611488342 0.6018518805503845 0.565625011920929 0.6000000238418579 0.5697916746139526 0.6000000238418579 0.5708333253860474 0.6018518805503845 0.5718749761581421 0.6018518805503845 0.5708333253860474 0.6000000238418579 0.5718749761581421 0.5981481671333313 0.5760416388511658 0.5981481671333313 0.5770833492279053 0.5962963104248047 0.5802083611488342 0.5962963104248047 0.581250011920929 0.5944444537162781 0.5833333134651184 0.5944444537162781 0.5843750238418579 0.5925925970077515 0.5864583253860474 0.5925925970077515 0.5874999761581421 0.5907407402992249 0.5895833373069763 0.5907407402992249 0.590624988079071 0.5888888835906982 0.5916666388511658 0.5888888835906982 0.5927083492279053 0.5870370268821716 0.5958333611488342 0.5870370268821716 0.596875011920929 0.585185170173645 0.6000000238418579 0.585185170173645 0.6010416746139526 0.5833333134651184 0.6031249761581421 0.5833333134651184 0.6041666865348816 0.5814814567565918 0.6072916388511658 0.5814814567565918 0.6083333492279053 0.5796296000480652 0.6114583611488342 0.5796296000480652
0 0.9927083253860474 0.5648148059844971 0.9895833134651184 0.5611110925674438 0.9822916388511658 0.5611110925674438 0.981249988079071 0.5629629492759705 0.9760416746139526 0.5629629492759705 0.9750000238418579 0.5611110925674438 0.96875 0.5611110925674438 0.9677083492279053 0.5629629492759705 0.9645833373069763 0.5629629492759705 0.9614583253860474 0.5666666626930237 0.9572916626930237 0.5666666626930237 0.956250011920929 0.5685185194015503 0.949999988079071 0.5685185194015503 0.9468749761581421 0.5722222328186035 0.9447916746139526 0.5722222328186035 0.9427083134651184 0.5759259462356567 0.9416666626930237 0.5759259462356567 0.9395833611488342 0.5796296000480652 0.9385416507720947 0.5796296000480652 0.9375 0.5814814567565918 0.9385416507720947 0.5833333134651184 0.9385416507720947 0.5944444537162781 0.9375 0.5962963104248047 0.9375 0.614814817905426 0.9395833611488342 0.6203703880310059 0.9395833611488342 0.6222222447395325 0.9375 0.6259258985519409 0.9385416507720947 0.6277777552604675 0.9479166865348816 0.6277777552604675 0.9489583373069763 0.6259258985519409 0.949999988079071 0.6259258985519409 0.9510416388511658 0.6240741014480591 0.9541666507720947 0.6222222447395325 0.9541666507720947 0.6203703880310059 0.956250011920929 0.6166666746139526 0.956250011920929 0.614814817905426 0.9635416865348816 0.6018518805503845 0.9635416865348816 0.6000000238418579 0.9666666388511658 0.5944444537162781 0.9677083492279053 0.5944444537162781 0.9708333611488342 0.5888888835906982 0.971875011920929 0.5888888835906982 0.9739583134651184 0.585185170173645 0.9750000238418579 0.585185170173645 0.9760416746139526 0.5833333134651184 0.9770833253860474 0.5833333134651184 0.9781249761581421 0.5814814567565918 0.9791666865348816 0.5814814567565918 0.9802083373069763 0.5796296000480652 0.981249988079071 0.5796296000480652 0.9822916388511658 0.5777778029441833 0.9833333492279053 0.5777778029441833 0.9864583611488342 0.5740740895271301 0.9885416626930237 0.5740740895271301 0.9916666746139526 0.5703703761100769 0.9937499761581421 0.5703703761100769 0.9927083253860474 0.5685185194015503
0 0.6166666746139526 0.5703703761100769 0.6166666746139526 0.5777778029441833 0.6354166865348816 0.5703703761100769 0.6552083492279053 0.5703703761100769 0.6604166626930237 0.5666666626930237 0.6812499761581421 0.5685185194015503 0.6927083134651184 0.5740740895271301 0.7197916507720947 0.5981481671333313 0.7270833253860474 0.6111111044883728 0.7260416746139526 0.6277777552604675 0.7135416865348816 0.6388888955116272 0.7093750238418579 0.6370370388031006 0.6968749761581421 0.644444465637207 0.7010416388511658 0.6462963223457336 0.7239583134651184 0.6907407641410828 0.7260416746139526 0.7148148417472839 0.734375 0.7222222089767456 0.7395833134651184 0.7314814925193787 0.7302083373069763 0.7481481432914734 0.7364583611488342 0.7629629373550415 0.7510416507720947 0.7851851582527161 0.753125011920929 0.7648147940635681 0.7552083134651184 0.7629629373550415 0.753125011920929 0.7555555701255798 0.7552083134651184 0.7537037134170532 0.7552083134651184 0.7407407164573669 0.7572916746139526 0.7388888597488403 0.7562500238418579 0.7351852059364319 0.7604166865348816 0.7240740656852722 0.7604166865348816 0.7148148417472839 0.7583333253860474 0.7129629850387573 0.7604166865348816 0.7111111283302307 0.7593749761581421 0.7074074149131775 0.762499988079071 0.7055555582046509 0.7604166865348816 0.7037037014961243 0.7635416388511658 0.6851851940155029 0.7614583373069763 0.6833333373069763 0.7635416388511658 0.6814814805984497 0.7645833492279053 0.6629629731178284 0.7666666507720947 0.6574074029922485 0.765625 0.6499999761581421 0.7697916626930237 0.6222222447395325 0.7697916626930237 0.6037036776542664 0.7729166746139526 0.5907407402992249 0.7708333134651184 0.585185170173645 0.7760416865348816 0.5574073791503906 0.6677083373069763 0.5518518686294556
0 0.9354166388511658 0.5537037253379822 0.934374988079071 0.5518518686294556 0.9333333373069763 0.5518518686294556 0.9322916865348816 0.550000011920929 0.9166666865348816 0.550000011920929 0.9156249761581421 0.5518518686294556 0.90625 0.5518518686294556 0.9052083492279053 0.5537037253379822 0.8968750238418579 0.5537037253379822 0.8958333134651184 0.5555555820465088 0.8885416388511658 0.5555555820465088 0.8895833492279053 0.5555555820465088 0.8916666507720947 0.5592592358589172 0.8916666507720947 0.5611110925674438 0.8927083611488342 0.5629629492759705 0.8927083611488342 0.5666666626930237 0.9010416865348816 0.5666666626930237 0.9020833373069763 0.5648148059844971 0.9052083492279053 0.5648148059844971 0.90625 0.5629629492759705 0.8999999761581421 0.5629629492759705 0.8989583253860474 0.5611110925674438 0.8999999761581421 0.5592592358589172 0.9020833373069763 0.5592592358589172 0.903124988079071 0.5574073791503906 0.9125000238418579 0.5574073791503906 0.9135416746139526 0.5555555820465088 0.9208333492279053 0.5555555820465088 0.921875 0.5537037253379822
0 0.8270833492279053 0.5722222328186035 0.8333333134651184 0.5740740895271301 0.8364583253860474 0.5777778029441833 0.8572916388511658 0.5888888835906982 0.8687499761581421 0.5870370268821716 0.8697916865348816 0.5888888835906982 0.8645833134651184 0.6000000238418579 0.862500011920929 0.6000000238418579 0.8604166507720947 0.605555534362793 0.8604166507720947 0.6092592477798462 0.8645833134651184 0.6222222447395325 0.8760416507720947 0.6388888955116272 0.8812500238418579 0.6425926089286804 0.8968750238418579 0.6462963223457336 0.9020833373069763 0.6499999761581421 0.9072916507720947 0.6574074029922485 0.9052083492279053 0.6537036895751953 0.90625 0.6518518328666687 0.903124988079071 0.6481481194496155 0.9041666388511658 0.6462963223457336 0.9020833373069763 0.6407407522201538 0.903124988079071 0.6388888955116272 0.9010416865348816 0.635185182094574 0.9020833373069763 0.6333333253860474 0.8999999761581421 0.6314814686775208 0.9010416865348816 0.6296296119689941 0.8989583253860474 0.6277777552604675 0.8999999761581421 0.6259258985519409 0.8968750238418579 0.6222222447395325 0.8979166746139526 0.6203703880310059 0.8968750238418579 0.614814817905426 0.893750011920929 0.6092592477798462 0.893750011920929 0.605555534362793 0.890625 0.5981481671333313 0.8927083611488342 0.5944444537162781 0.8864583373069763 0.585185170173645 0.878125011920929 0.5814814567565918 0.8854166865348816 0.5740740895271301 0.8947916626930237 0.5740740895271301 0.8958333134651184 0.5759259462356567 0.9052083492279053 0.5759259462356567 0.90625 0.5777778029441833 0.9125000238418579 0.5777778029441833 0.9125000238418579 0.5740740895271301 0.9041666388511658 0.5740740895271301 0.903124988079071 0.5722222328186035 0.9041666388511658 0.5703703761100769 0.9072916507720947 0.5703703761100769 0.8729166388511658 0.5722222328186035 0.8645833134651184 0.5666666626930237 0.8635416626930237 0.5629629492759705 0.8614583611488342 0.5629629492759705 0.856249988079071 0.5574073791503906 0.859375 0.5518518686294556 0.8635416626930237 0.5537037253379822 0.8645833134651184 0.5518518686294556 0.8687499761581421 0.5518518686294556 0.862500011920929 0.550000011920929 0.859375 0.5462962985038757 0.856249988079071 0.5462962985038757 0.8447916507720947 0.5388888716697693 0.8458333611488342 0.5444444417953491 0.84375 0.5462962985038757 0.8447916507720947 0.550000011920929 0.84375 0.5518518686294556 0.8416666388511658 0.550000011920929 0.84375 0.5555555820465088 0.8427083492279053 0.5574073791503906 0.8416666388511658 0.5555555820465088 0.8427083492279053 0.5574073791503906 0.8416666388511658 0.5592592358589172 0.8395833373069763 0.5574073791503906 0.8416666388511658 0.5611110925674438 0.8385416865348816 0.5629629492759705 0.8374999761581421 0.5685185194015503 0.8322916626930237 0.5685185194015503 0.8354166746139526 0.5685185194015503 0.8364583253860474 0.5703703761100769 0.8354166746139526 0.5722222328186035
0 0.699999988079071 0.4851851761341095 0.7010416388511658 0.4870370328426361 0.7020833492279053 0.4870370328426361 0.706250011920929 0.49444442987442017 0.7072916626930237 0.49444442987442017 0.7083333134651184 0.4962962865829468 0.7093750238418579 0.4962962865829468 0.7104166746139526 0.4981481432914734 0.7114583253860474 0.4981481432914734 0.7145833373069763 0.5018518567085266 0.7177083492279053 0.5018518567085266 0.7208333611488342 0.5055555701255798 0.7239583134651184 0.5055555701255798 0.7250000238418579 0.5074074268341064 0.7281249761581421 0.5074074268341064 0.7291666865348816 0.5092592835426331 0.7322916388511658 0.5092592835426331 0.7333333492279053 0.5111111402511597 0.737500011920929 0.5111111402511597 0.7385416626930237 0.5129629373550415 0.7416666746139526 0.5129629373550415 0.7427083253860474 0.5148147940635681 0.7489583492279053 0.5148147940635681 0.75 0.5166666507720947 0.7541666626930237 0.5166666507720947 0.7552083134651184 0.5185185074806213 0.762499988079071 0.5185185074806213 0.7635416388511658 0.520370364189148 0.768750011920929 0.520370364189148 0.7697916626930237 0.5222222208976746 0.7760416865348816 0.5222222208976746 0.7770833373069763 0.5240740776062012 0.7770833373069763 0.5222222208976746 0.7760416865348816 0.5222222208976746 0.7749999761581421 0.520370364189148 0.7729166746139526 0.520370364189148 0.7718750238418579 0.5185185074806213 0.7697916626930237 0.5185185074806213 0.768750011920929 0.5166666507720947 0.7666666507720947 0.5166666507720947 0.7635416388511658 0.5129629373550415 0.7593749761581421 0.5129629373550415 0.7583333253860474 0.5111111402511597 0.7552083134651184 0.5111111402511597 0.7541666626930237 0.5092592835426331 0.75 0.5092592835426331 0.7489583492279053 0.5074074268341064 0.7447916865348816 0.5074074268341064 0.7437499761581421 0.5055555701255798 0.7395833134651184 0.5055555701255798 0.7385416626930237 0.5037037134170532 0.7354166507720947 0.5037037134170532 0.734375 0.5018518567085266 0.7333333492279053 0.5018518567085266 0.7302083373069763 0.4981481432914734 0.7250000238418579 0.4981481432914734 0.7239583134651184 0.4962962865829468 0.721875011920929 0.4962962865829468 0.7208333611488342 0.49444442987442017 0.7197916507720947 0.49444442987442017 0.71875 0.49259260296821594 0.7166666388511658 0.49259260296821594 0.715624988079071 0.49074074625968933 0.7093750238418579 0.49074074625968933 0.706250011920929 0.4870370328426361 0.7020833492279053 0.4870370328426361 0.7010416388511658 0.4851851761341095
0 0.5885416865348816 0.4888888895511627 0.5843750238418579 0.4888888895511627 0.5833333134651184 0.4870370328426361 0.578125 0.4870370328426361 0.5770833492279053 0.4851851761341095 0.574999988079071 0.4851851761341095 0.5739583373069763 0.4833333194255829 0.5708333253860474 0.4833333194255829 0.5729166865348816 0.4870370328426361 0.5708333253860474 0.49074074625968933 0.5677083134651184 0.49074074625968933 0.5666666626930237 0.4888888895511627 0.5635416507720947 0.4888888895511627 0.565625011920929 0.49444442987442017 0.565625011920929 0.4981481432914734 0.5645833611488342 0.5 0.565625011920929 0.5018518567085266 0.565625011920929 0.5037037134170532 0.5614583492279053 0.5111111402511597 0.559374988079071 0.5111111402511597 0.5572916865348816 0.5074074268341064 0.5562499761581421 0.5074074268341064 0.5531250238418579 0.5111111402511597 0.5489583611488342 0.5111111402511597 0.5458333492279053 0.5148147940635681 0.5427083373069763 0.5092592835426331 0.5479166507720947 0.5 0.5583333373069763 0.49259260296821594 0.5552083253860474 0.49259260296821594 0.5541666746139526 0.49074074625968933 0.5531250238418579 0.49259260296821594 0.5395833253860474 0.49259260296821594 0.5385416746139526 0.49444442987442017 0.534375011920929 0.49444442987442017 0.5322916507720947 0.49074074625968933 0.5291666388511658 0.49074074625968933 0.5291666388511658 0.49259260296821594 0.5322916507720947 0.4962962865829468 0.5354166626930237 0.4962962865829468 0.5364583134651184 0.4981481432914734 0.5364583134651184 0.5018518567085266 0.5333333611488342 0.5074074268341064 0.5322916507720947 0.5074074268341064 0.53125 0.5092592835426331 0.53125 0.5111111402511597 0.5322916507720947 0.5129629373550415 0.5416666865348816 0.5129629373550415 0.543749988079071 0.5166666507720947 0.550000011920929 0.5166666507720947 0.5520833134651184 0.520370364189148 0.5531250238418579 0.5185185074806213 0.5562499761581421 0.5185185074806213 0.559374988079071 0.5129629373550415 0.5614583492279053 0.5129629373550415 0.5625 0.5111111402511597 0.5666666626930237 0.5111111402511597 0.5677083134651184 0.5092592835426331 0.5708333253860474 0.5092592835426331 0.5718749761581421 0.5074074268341064 0.5718749761581421 0.5055555701255798 0.5729166865348816 0.5037037134170532 0.5739583373069763 0.5037037134170532 0.5739583373069763 0.5 0.5718749761581421 0.5 0.5708333253860474 0.4981481432914734 0.5718749761581421 0.4962962865829468 0.5739583373069763 0.4962962865829468 0.574999988079071 0.49444442987442017 0.5770833492279053 0.49444442987442017 0.578125 0.49259260296821594 0.581250011920929 0.49259260296821594 0.5833333134651184 0.4888888895511627
0 0.6291666626930237 0.46296295523643494 0.6187499761581421 0.46296295523643494 0.6177083253860474 0.46481481194496155 0.6156250238418579 0.46481481194496155 0.6145833134651184 0.46666666865348816 0.6114583611488342 0.46666666865348816 0.6104166507720947 0.46851852536201477 0.609375 0.46851852536201477 0.6083333492279053 0.4703703820705414 0.6010416746139526 0.4703703820705414 0.6000000238418579 0.4722222089767456 0.5989583134651184 0.4703703820705414 0.5979166626930237 0.4703703820705414 0.596875011920929 0.4722222089767456 0.596875011920929 0.4740740656852722 0.5979166626930237 0.4740740656852722 0.5989583134651184 0.47592592239379883 0.6031249761581421 0.47592592239379883 0.6041666865348816 0.47777777910232544 0.6104166507720947 0.47777777910232544 0.612500011920929 0.4740740656852722 0.6135416626930237 0.4740740656852722 0.6145833134651184 0.4722222089767456 0.6177083253860474 0.4722222089767456 0.6187499761581421 0.4703703820705414 0.6197916865348816 0.4703703820705414 0.6197916865348816 0.46851852536201477 0.6208333373069763 0.46666666865348816 0.625 0.46666666865348816 0.6260416507720947 0.46481481194496155 0.6291666626930237 0.46481481194496155
0 0.35104167461395264 0.4574074149131775 0.34687501192092896 0.45370370149612427 0.3489583432674408 0.4555555582046509 0.3479166626930237 0.4574074149131775 0.3447916805744171 0.4555555582046509 0.34375 0.4574074149131775 0.3427083194255829 0.4555555582046509 0.34166666865348816 0.4574074149131775 0.34062498807907104 0.4555555582046509 0.3385416567325592 0.4574074149131775 0.3375000059604645 0.4555555582046509 0.3343749940395355 0.4574074149131775 0.33125001192092896 0.4555555582046509 0.3291666805744171 0.4574074149131775 0.32604166865348816 0.4574074149131775 0.32499998807907104 0.4555555582046509 0.3239583373069763 0.4574074149131775 0.3187499940395355 0.4574074149131775 0.3177083432674408 0.4555555582046509 0.3166666626930237 0.4574074149131775 0.3114583194255829 0.4574074149131775 0.31041666865348816 0.4555555582046509 0.3083333373069763 0.4574074149131775 0.30416667461395264 0.4574074149131775 0.3031249940395355 0.4555555582046509 0.30000001192092896 0.4555555582046509 0.29895833134651184 0.4574074149131775 0.2979166805744171 0.4555555582046509 0.2864583432674408 0.4555555582046509 0.2854166626930237 0.4574074149131775 0.28125 0.4574074149131775 0.2802083194255829 0.4555555582046509 0.2760416567325592 0.4592592716217041 0.27291667461395264 0.4574074149131775 0.2718749940395355 0.4592592716217041 0.25729167461395264 0.4592592716217041 0.2562499940395355 0.4611110985279083 0.24375000596046448 0.4611110985279083 0.24270834028720856 0.4592592716217041 0.2395833283662796 0.46296295523643494 0.2291666716337204 0.46481481194496155 0.21979166567325592 0.4722222089767456 0.21458333730697632 0.4740740656852722 0.21145834028720856 0.47777777910232544 0.20624999701976776 0.47962963581085205 0.1979166716337204 0.4870370328426361 0.19583334028720856 0.4870370328426361 0.20416666567325592 0.4870370328426361 0.20520833134651184 0.4851851761341095 0.21145834028720856 0.4851851761341095 0.21250000596046448 0.4833333194255829 0.22187499701976776 0.4833333194255829 0.22291666269302368 0.48148149251937866 0.2291666716337204 0.48148149251937866 0.23020833730697632 0.47962963581085205 0.24791666865348816 0.47777777910232544 0.24895833432674408 0.47592592239379883 0.2666666805744171 0.4740740656852722 0.26770833134651184 0.4722222089767456 0.2760416567325592 0.4722222089767456 0.2770833373069763 0.4703703820705414 0.2854166626930237 0.4703703820705414 0.2864583432674408 0.46851852536201477 0.30520832538604736 0.46666666865348816 0.3062500059604645 0.46481481194496155 0.3135416805744171 0.46481481194496155 0.31458333134651184 0.46296295523643494 0.32499998807907104 0.46296295523643494 0.32604166865348816 0.4611110985279083 0.34375 0.4592592716217041 0.3489583432674408 0.4555555582046509
0 0.4958333373069763 0.442592591047287 0.49687498807907104 0.4444444477558136 0.49791666865348816 0.442592591047287 0.4989583194255829 0.442592591047287 0.5 0.4407407343387604 0.5020833611488342 0.4407407343387604 0.503125011920929 0.43888887763023376 0.5052083134651184 0.43888887763023376 0.5062500238418579 0.43703705072402954 0.5072916746139526 0.43703705072402954 0.5083333253860474 0.43518519401550293 0.5177083611488342 0.43518519401550293 0.5166666507720947 0.4333333373069763 0.515625 0.4333333373069763 0.5145833492279053 0.4314814805984497 0.5135416388511658 0.4314814805984497 0.512499988079071 0.4333333373069763 0.5062500238418579 0.4333333373069763 0.5052083134651184 0.4314814805984497 0.5052083134651184 0.4296296238899231 0.5052083134651184 0.4314814805984497 0.503125011920929 0.43518519401550293 0.5020833611488342 0.43518519401550293 0.5020833611488342 0.43703705072402954 0.5010416507720947 0.43888887763023376 0.5 0.43888887763023376 0.4989583194255829 0.4407407343387604 0.49791666865348816 0.4407407343387604 0.49687498807907104 0.442592591047287
0 0.9395833611488342 0.4277777671813965 0.9395833611488342 0.4296296238899231 0.9416666626930237 0.4296296238899231 0.9427083134651184 0.4314814805984497 0.9458333253860474 0.4314814805984497 0.9479166865348816 0.43518519401550293 0.9510416388511658 0.43518519401550293 0.9520833492279053 0.43703705072402954 0.956250011920929 0.43703705072402954 0.9572916626930237 0.43888887763023376 0.9614583253860474 0.43888887763023376 0.9624999761581421 0.4407407343387604 0.965624988079071 0.4407407343387604 0.9666666388511658 0.442592591047287 0.9697916507720947 0.442592591047287 0.9708333611488342 0.4444444477558136 0.9739583134651184 0.4444444477558136 0.9750000238418579 0.4462963044643402 0.9791666865348816 0.4462963044643402 0.9802083373069763 0.4481481611728668 0.9833333492279053 0.4481481611728668 0.984375 0.44999998807907104 0.987500011920929 0.44999998807907104 0.9885416626930237 0.45185184478759766 0.9916666746139526 0.45185184478759766 0.9927083253860474 0.45370370149612427 0.9958333373069763 0.45370370149612427 0.996874988079071 0.4555555582046509 0.9989583492279053 0.4555555582046509 0.9989583492279053 0.4296296238899231 0.9927083253860474 0.4296296238899231 0.9916666746139526 0.4277777671813965 0.9906250238418579 0.4296296238899231 0.9895833134651184 0.4277777671813965 0.9791666865348816 0.4277777671813965 0.9781249761581421 0.42592594027519226 0.9666666388511658 0.42592594027519226 0.965624988079071 0.42407408356666565 0.956250011920929 0.42407408356666565 0.9552083611488342 0.42222222685813904 0.9510416388511658 0.42222222685813904 0.949999988079071 0.42407408356666565 0.9458333253860474 0.42407408356666565 0.9447916746139526 0.42592594027519226 0.9427083134651184 0.42592594027519226 0.9416666626930237 0.4277777671813965
0 0.546875 0.5703703761100769 0.484375 0.4981481432914734 0.4000000059604645 0.5574073791503906 0.4020833373069763 0.5166666507720947 0.46145832538604736 0.4851851761341095 0.40833333134651184 0.4722222089767456 0.4635416567325592 0.4407407343387604 0.4520833194255829 0.4462963044643402 0.43958333134651184 0.4203703701496124 0.2979166805744171 0.4981481432914734 0.203125 0.5111111402511597 0.20000000298023224 0.5388888716697693 0.18645833432674408 0.5074074268341064 0.16249999403953552 0.5092592835426331 0.0 0.6296296119689941 0.0010416667209938169 0.6722221970558167 0.1458333283662796 0.585185170173645 0.15312500298023224 0.5962963104248047 0.0010416667209938169 0.6777777671813965 0.0 0.7870370149612427 0.30937498807907104 0.6499999761581421 0.37291666865348816 0.6481481194496155 0.3843750059604645 0.6981481313705444 0.36770832538604736 0.7407407164573669 0.3333333432674408 0.7759259343147278 0.12187500298023224 0.8814814686775208 0.02395833283662796 0.9555555582046509 0.03020833246409893 0.9407407641410828 0.0 0.9666666388511658 0.0 0.9981481432914734 0.22499999403953552 0.9981481432914734
0 0.4375 0.4148148000240326 0.4364583194255829 0.4148148000240326 0.43437498807907104 0.41111111640930176 0.4333333373069763 0.41296297311782837 0.4270833432674408 0.41296297311782837 0.4260416626930237 0.4148148000240326 0.41979166865348816 0.4148148000240326 0.41874998807907104 0.4166666567325592 0.4177083373069763 0.4148148000240326 0.4166666567325592 0.4166666567325592 0.40937501192092896 0.4166666567325592 0.40833333134651184 0.4185185134410858 0.4010416567325592 0.4185185134410858 0.4000000059604645 0.4203703701496124 0.39375001192092896 0.4203703701496124 0.39270833134651184 0.42222222685813904 0.3916666805744171 0.42222222685813904 0.390625 0.4203703701496124 0.3895833194255829 0.42222222685813904 0.38854166865348816 0.4203703701496124 0.38749998807907104 0.42222222685813904 0.3854166567325592 0.42222222685813904 0.3843750059604645 0.42407408356666565 0.38333332538604736 0.42407408356666565 0.3812499940395355 0.4277777671813965 0.38229167461395264 0.4277777671813965 0.38333332538604736 0.42592594027519226 0.4000000059604645 0.42592594027519226 0.4010416567325592 0.42407408356666565 0.4020833373069763 0.42407408356666565 0.40312498807907104 0.42222222685813904 0.40625 0.42222222685813904 0.4072916805744171 0.4203703701496124 0.4124999940395355 0.4203703701496124 0.41354167461395264 0.4185185134410858 0.4156250059604645 0.4185185134410858 0.4166666567325592 0.4166666567325592 0.41979166865348816 0.4166666567325592 0.4208333194255829 0.4148148000240326 0.4270833432674408 0.4148148000240326 0.4281249940395355 0.41296297311782837 0.43541666865348816 0.41296297311782837 0.4364583194255829 0.4148148000240326
0 0.0 0.4166666567325592 0.0072916666977107525 0.4166666567325592 0.008333333767950535 0.4185185134410858 0.00937500037252903 0.4166666567325592 0.01354166679084301 0.4166666567325592 0.014583333395421505 0.4185185134410858 0.015625 0.4166666567325592 0.01875000074505806 0.4166666567325592 0.01979166641831398 0.4185185134410858 0.01875000074505806 0.4166666567325592 0.01979166641831398 0.4148148000240326 0.02604166604578495 0.4148148000240326 0.02708333358168602 0.41296297311782837 0.02916666679084301 0.4166666567325592 0.03125 0.4166666567325592 0.03229166567325592 0.4148148000240326 0.03333333507180214 0.4148148000240326 0.03437500074505806 0.41296297311782837 0.03541666641831398 0.41296297311782837 0.0364583320915699 0.41111111640930176 0.03020833246409893 0.41111111640930176 0.03020833246409893 0.41296297311782837 0.03125 0.4148148000240326 0.03020833246409893 0.4166666567325592 0.02916666679084301 0.4166666567325592 0.02812499925494194 0.4148148000240326 0.02812499925494194 0.41296297311782837 0.02500000037252903 0.41296297311782837 0.02395833283662796 0.4148148000240326 0.01666666753590107 0.4148148000240326 0.015625 0.41296297311782837 0.01145833358168602 0.41296297311782837 0.010416666977107525 0.41111111640930176 0.008333333767950535 0.41111111640930176 0.0072916666977107525 0.41296297311782837 0.0 0.41296297311782837
0 0.18645833432674408 0.39629629254341125 0.16041666269302368 0.39814814925193787 0.15937499701976776 0.4000000059604645 0.13645833730697632 0.4018518626689911 0.1354166716337204 0.4037036895751953 0.09791667014360428 0.4055555462837219 0.09687499701976776 0.40740740299224854 0.04479166492819786 0.40925925970077515 0.04062499850988388 0.41296297311782837 0.04270833358168602 0.4148148000240326 0.0416666679084301 0.4166666567325592 0.03333333507180214 0.4185185134410858 0.03958333283662796 0.4185185134410858 0.04062499850988388 0.4166666567325592 0.04791666567325592 0.4185185134410858 0.04895833507180214 0.4148148000240326 0.05624999850988388 0.4166666567325592 0.05312500149011612 0.4166666567325592 0.0520833320915699 0.4148148000240326 0.05312500149011612 0.41296297311782837 0.0572916679084301 0.41296297311782837 0.05833333358168602 0.4166666567325592 0.06562499701976776 0.41296297311782837 0.0729166641831398 0.41296297311782837 0.07708333432674408 0.40925925970077515 0.08229167014360428 0.41111111640930176 0.0833333358168602 0.40925925970077515 0.09062500298023224 0.40925925970077515 0.09166666865348816 0.40740740299224854 0.09270833432674408 0.40925925970077515 0.09479166567325592 0.40740740299224854 0.0989583358168602 0.40740740299224854 0.10000000149011612 0.40925925970077515 0.12604166567325592 0.40740740299224854 0.12708333134651184 0.4055555462837219 0.13229165971279144 0.40740740299224854 0.13333334028720856 0.4055555462837219 0.14374999701976776 0.4055555462837219 0.14479166269302368 0.4037036895751953 0.15520833432674408 0.4037036895751953 0.15729166567325592 0.40925925970077515 0.15208333730697632 0.4148148000240326 0.15416666865348816 0.41296297311782837 0.16354165971279144 0.4148148000240326 0.16770833730697632 0.41296297311782837 0.16562500596046448 0.41296297311782837 0.16458334028720856 0.40925925970077515 0.16875000298023224 0.40740740299224854 0.17083333432674408 0.4037036895751953 0.16979166865348816 0.4055555462837219 0.16249999403953552 0.4037036895751953 0.1614583283662796 0.4018518626689911 0.16249999403953552 0.39814814925193787
0 0.01979166641831398 0.38333332538604736 0.010416666977107525 0.38333332538604736 0.008333333767950535 0.37962964177131653 0.00937500037252903 0.3777777850627899 0.010416666977107525 0.3777777850627899 0.010416666977107525 0.3759259283542633 0.012500000186264515 0.3722222149372101 0.01145833358168602 0.3740740716457367 0.0052083334885537624 0.3740740716457367 0.004166666883975267 0.3759259283542633 0.0 0.3759259283542633 0.0 0.3888888955116272 0.0031250000465661287 0.3888888955116272 0.004166666883975267 0.3870370388031006 0.01979166641831398 0.3870370388031006 0.01875000074505806 0.385185182094574
0 0.9729166626930237 0.37037035822868347 0.9739583134651184 0.3722222149372101 0.9729166626930237 0.3740740716457367 0.971875011920929 0.3740740716457367 0.9739583134651184 0.3740740716457367 0.9750000238418579 0.3759259283542633 0.9760416746139526 0.3759259283542633 0.9770833253860474 0.3777777850627899 0.9791666865348816 0.3777777850627899 0.9802083373069763 0.37962964177131653 0.9802083373069763 0.38148146867752075 0.9854166507720947 0.3907407522201538 0.984375 0.39259257912635803 0.9802083373069763 0.39259257912635803 0.9822916388511658 0.39259257912635803 0.9833333492279053 0.39444443583488464 0.9864583611488342 0.39444443583488464 0.987500011920929 0.39629629254341125 0.9937499761581421 0.39629629254341125 0.9947916865348816 0.39814814925193787 0.9989583492279053 0.39814814925193787 0.9989583492279053 0.3888888955116272 0.9979166388511658 0.3870370388031006 0.9989583492279053 0.385185182094574 0.9989583492279053 0.3759259283542633 0.9937499761581421 0.3759259283542633 0.9927083253860474 0.3740740716457367 0.984375 0.3740740716457367 0.9833333492279053 0.3722222149372101 0.9822916388511658 0.3722222149372101 0.981249988079071 0.37037035822868347
0 0.12395833432674408 0.3759259283542633 0.12187500298023224 0.3759259283542633 0.12083332985639572 0.3740740716457367 0.12187500298023224 0.3722222149372101 0.12083332985639572 0.3722222149372101 0.1197916641831398 0.37037035822868347 0.11874999850988388 0.3722222149372101 0.109375 0.3722222149372101 0.10833333432674408 0.3740740716457367 0.10000000149011612 0.3740740716457367 0.0989583358168602 0.3759259283542633 0.09062500298023224 0.3759259283542633 0.08958332985639572 0.3777777850627899 0.07500000298023224 0.3777777850627899 0.07395832985639572 0.37962964177131653 0.07187499850988388 0.37962964177131653 0.07083333283662796 0.3777777850627899 0.06875000149011612 0.3777777850627899 0.0677083358168602 0.37962964177131653 0.06666667014360428 0.3777777850627899 0.06562499701976776 0.3777777850627899 0.06458333134651184 0.37962964177131653 0.06041666492819786 0.37962964177131653 0.05937499925494194 0.3777777850627899 0.05416666716337204 0.3777777850627899 0.05312500149011612 0.37962964177131653 0.046875 0.37962964177131653 0.04583333432674408 0.38148146867752075 0.04374999925494194 0.38148146867752075 0.04270833358168602 0.38333332538604736 0.03750000149011612 0.38333332538604736 0.0364583320915699 0.385185182094574 0.03125 0.385185182094574 0.0364583320915699 0.385185182094574 0.03750000149011612 0.38333332538604736 0.05833333358168602 0.38333332538604736 0.05937499925494194 0.38148146867752075 0.08020833134651184 0.38148146867752075 0.08124999701976776 0.37962964177131653 0.09687499701976776 0.37962964177131653 0.09791667014360428 0.3777777850627899 0.11562500149011612 0.3777777850627899 0.11666666716337204 0.3759259283542633
0 0.8760416507720947 0.5333333611488342 0.8614583611488342 0.47777777910232544 0.831250011920929 0.4574074149131775 0.828125 0.4611110985279083 0.8374999761581421 0.4703703820705414 0.7989583611488342 0.4592592716217041 0.8052083253860474 0.4481481611728668 0.8302083611488342 0.45370370149612427 0.7906249761581421 0.4333333373069763 0.7749999761581421 0.43703705072402954 0.7677083611488342 0.42222222685813904 0.7697916626930237 0.4296296238899231 0.7583333253860474 0.45370370149612427 0.71875 0.4481481611728668 0.706250011920929 0.4296296238899231 0.7083333134651184 0.4166666567325592 0.7250000238418579 0.4055555462837219 0.7302083373069763 0.4166666567325592 0.75 0.4166666567325592 0.7229166626930237 0.39629629254341125 0.7760416865348816 0.4037036895751953 0.7895833253860474 0.39444443583488464 0.7145833373069763 0.364814817905426 0.7166666388511658 0.3722222149372101 0.6895833611488342 0.3907407522201538 0.6760416626930237 0.3888888955116272 0.671875 0.3740740716457367 0.6552083492279053 0.36666667461395264 0.5854166746139526 0.39629629254341125 0.625 0.40925925970077515 0.59375 0.4203703701496124 0.5635416507720947 0.4055555462837219 0.5218750238418579 0.4185185134410858 0.5375000238418579 0.4277777671813965 0.5249999761581421 0.4333333373069763 0.528124988079071 0.43888887763023376 0.5208333134651184 0.4481481611728668 0.5177083611488342 0.4407407343387604 0.5145833492279053 0.4555555582046509 0.5072916746139526 0.4592592716217041 0.5020833611488342 0.44999998807907104 0.4958333373069763 0.4574074149131775 0.4937500059604645 0.4462963044643402 0.4635416567325592 0.47592592239379883 0.4833333194255829 0.47777777910232544 0.5322916507720947 0.442592591047287 0.581250011920929 0.4462963044643402 0.5635416507720947 0.442592591047287 0.5625 0.4333333373069763 0.625 0.4185185134410858 0.6229166388511658 0.4444444477558136 0.6625000238418579 0.46481481194496155 0.7458333373069763 0.4574074149131775 0.7385416626930237 0.46666666865348816 0.7385416626930237 0.48148149251937866 0.7177083492279053 0.47962963581085205 0.7572916746139526 0.5037037134170532 0.7895833253860474 0.49259260296821594 0.7697916626930237 0.47962963581085205 0.7927083373069763 0.46666666865348816 0.7822916507720947 0.4555555582046509 0.7947916388511658 0.4555555582046509 0.8052083253860474 0.46851852536201477 0.8114583492279053 0.46481481194496155 0.8083333373069763 0.4703703820705414 0.8208333253860474 0.48148149251937866 0.8145833611488342 0.4851851761341095 0.8260416388511658 0.48148149251937866 0.846875011920929 0.49444442987442017 0.8645833134651184 0.520370364189148 0.8604166507720947 0.5222222208976746
0 0.1302083283662796 0.35740742087364197 0.11145833134651184 0.35740742087364197 0.11041666567325592 0.3592592477798462 0.08645833283662796 0.3592592477798462 0.08541666716337204 0.3611111044883728 0.0677083358168602 0.3611111044883728 0.078125 0.3611111044883728 0.07916666567325592 0.3629629611968994 0.08437500149011612 0.3629629611968994 0.08541666716337204 0.3611111044883728 0.09270833432674408 0.3611111044883728 0.09375 0.3592592477798462 0.10208333283662796 0.3592592477798462 0.10312499850988388 0.3611111044883728 0.10312499850988388 0.3629629611968994 0.10520832985639572 0.3629629611968994 0.1041666641831398 0.3611111044883728 0.10520832985639572 0.3592592477798462 0.11770833283662796 0.3592592477798462 0.11874999850988388 0.3611111044883728 0.12395833432674408 0.3611111044883728 0.125 0.3592592477798462 0.12812499701976776 0.3592592477798462 0.12916666269302368 0.35740742087364197
0 0.04791666567325592 0.3629629611968994 0.02708333358168602 0.3629629611968994 0.02604166604578495 0.364814817905426 0.01770833320915699 0.364814817905426 0.01666666753590107 0.3629629611968994 0.01770833320915699 0.3611111044883728 0.02083333395421505 0.3611111044883728 0.02187499962747097 0.3592592477798462 0.03229166567325592 0.3592592477798462 0.03333333507180214 0.35740742087364197 0.03541666641831398 0.35740742087364197 0.02916666679084301 0.35740742087364197 0.02812499925494194 0.3592592477798462 0.02083333395421505 0.3592592477798462 0.01979166641831398 0.3611111044883728 0.01875000074505806 0.3592592477798462 0.014583333395421505 0.3592592477798462 0.01354166679084301 0.3611111044883728 0.004166666883975267 0.3611111044883728 0.0031250000465661287 0.3629629611968994 0.0 0.3629629611968994 0.0031250000465661287 0.3629629611968994 0.004166666883975267 0.364814817905426 0.0031250000465661287 0.36666667461395264 0.0020833334419876337 0.36666667461395264 0.0010416667209938169 0.36851853132247925 0.0 0.36851853132247925 0.008333333767950535 0.36851853132247925 0.00937500037252903 0.36666667461395264 0.02291666716337204 0.36666667461395264 0.02395833283662796 0.364814817905426 0.03333333507180214 0.364814817905426 0.03437500074505806 0.3629629611968994
0 0.971875011920929 0.3481481373310089 0.9729166626930237 0.3481481373310089 0.9739583134651184 0.3499999940395355 0.9833333492279053 0.3499999940395355 0.984375 0.35185185074806213 0.9864583611488342 0.35185185074806213 0.987500011920929 0.35370370745658875 0.9885416626930237 0.35370370745658875 0.9895833134651184 0.35555556416511536 0.9927083253860474 0.35555556416511536 0.9937499761581421 0.35740742087364197 0.9989583492279053 0.35740742087364197 0.9989583492279053 0.3499999940395355 0.9937499761581421 0.3499999940395355 0.9927083253860474 0.3481481373310089
0 0.22499999403953552 0.33703702688217163 0.21770833432674408 0.33703702688217163 0.21666666865348816 0.33888888359069824 0.2083333283662796 0.33888888359069824 0.20729166269302368 0.34074074029922485 0.1979166716337204 0.34074074029922485 0.20416666567325592 0.34074074029922485 0.20520833134651184 0.34259259700775146 0.2135416716337204 0.34259259700775146 0.21458333730697632 0.34074074029922485 0.21666666865348816 0.34074074029922485 0.21770833432674408 0.33888888359069824 0.22083333134651184 0.33888888359069824 0.22187499701976776 0.33703702688217163
0 0.6041666865348816 0.34074074029922485 0.5416666865348816 0.33703702688217163 0.4312500059604645 0.35740742087364197 0.4166666567325592 0.33888888359069824 0.4270833432674408 0.33703702688217163 0.38333332538604736 0.32407405972480774 0.27395832538604736 0.3462963104248047 0.28958332538604736 0.35185185074806213 0.27812498807907104 0.3759259283542633 0.3229166567325592 0.38333332538604736 0.26249998807907104 0.39814814925193787 0.21562500298023224 0.39259257912635803 0.1822916716337204 0.40925925970077515 0.21979166567325592 0.41111111640930176 0.010416666977107525 0.4592592716217041 0.0 0.47962963581085205 0.31458333134651184 0.40925925970077515 0.3229166567325592 0.41296297311782837 0.31979167461395264 0.42222222685813904 0.09583333134651184 0.47592592239379883 0.03437500074505806 0.5092592835426331 0.0020833334419876337 0.5407407283782959 0.0 0.5555555820465088 0.4520833194255829 0.3759259283542633 0.5218750238418579 0.385185182094574 0.4697916805744171 0.4000000059604645 0.48750001192092896 0.4000000059604645 0.45625001192092896 0.42592594027519226
0 0.9354166388511658 0.3759259283542633 0.9302083253860474 0.36666667461395264 0.9072916507720947 0.3629629611968994 0.9020833373069763 0.35370370745658875 0.9104166626930237 0.3499999940395355 0.9052083492279053 0.3499999940395355 0.9052083492279053 0.3444444537162781 0.887499988079071 0.3314814865589142 0.8895833492279053 0.32777777314186096 0.8812500238418579 0.32777777314186096 0.8791666626930237 0.32407405972480774 0.8489583134651184 0.3222222328186035 0.84375 0.32407405972480774 0.871874988079071 0.32592591643333435 0.8770833611488342 0.3296296298503876 0.8572916388511658 0.33703702688217163 0.84375 0.3351851999759674 0.8854166865348816 0.3444444537162781 0.8895833492279053 0.3481481373310089 0.8812500238418579 0.35370370745658875 0.8125 0.35185185074806213 0.800000011920929 0.34074074029922485 0.7614583373069763 0.3296296298503876 0.7708333134651184 0.3314814865589142 0.7708333134651184 0.3351851999759674 0.75 0.33888888359069824 0.765625 0.34259259700775146 0.7802083492279053 0.33888888359069824 0.784375011920929 0.34259259700775146 0.7791666388511658 0.3444444537162781 0.7979166507720947 0.3462963104248047 0.800000011920929 0.35185185074806213 0.7562500238418579 0.35370370745658875 0.7875000238418579 0.3629629611968994 0.7947916388511658 0.3611111044883728 0.796875 0.364814817905426 0.8187500238418579 0.35740742087364197 0.8697916865348816 0.3592592477798462 0.8927083611488342 0.37037035822868347 0.8895833492279053 0.3759259283542633 0.8833333253860474 0.3777777850627899 0.8645833134651184 0.3759259283542633 0.8697916865348816 0.37962964177131653 0.9104166626930237 0.385185182094574
0 0.7583333253860474 0.3222222328186035 0.7604166865348816 0.3222222328186035 0.7614583373069763 0.32407405972480774 0.768750011920929 0.32407405972480774 0.7697916626930237 0.32592591643333435 0.7708333134651184 0.32407405972480774 0.7822916507720947 0.32407405972480774 0.7833333611488342 0.3222222328186035 0.8031250238418579 0.3222222328186035 0.8041666746139526 0.32407405972480774 0.8031250238418579 0.32592591643333435 0.8020833134651184 0.32592591643333435 0.8020833134651184 0.32777777314186096 0.8125 0.32777777314186096 0.8135416507720947 0.3296296298503876 0.8145833611488342 0.32777777314186096 0.815625011920929 0.3296296298503876 0.8177083134651184 0.3296296298503876 0.8187500238418579 0.3314814865589142 0.8197916746139526 0.3314814865589142 0.8208333253860474 0.3333333432674408 0.8208333253860474 0.3351851999759674 0.8322916626930237 0.3351851999759674 0.8333333134651184 0.3333333432674408 0.8395833373069763 0.3333333432674408 0.8374999761581421 0.3333333432674408 0.8364583253860474 0.3314814865589142 0.8374999761581421 0.3296296298503876 0.84375 0.3296296298503876 0.8447916507720947 0.32777777314186096 0.846875011920929 0.32777777314186096 0.8374999761581421 0.32777777314186096 0.8364583253860474 0.32592591643333435 0.8395833373069763 0.3222222328186035 0.8364583253860474 0.3222222328186035 0.8354166746139526 0.32407405972480774 0.8343750238418579 0.3222222328186035 0.8270833492279053 0.3222222328186035 0.8260416388511658 0.3203703761100769 0.809374988079071 0.3203703761100769 0.809374988079071 0.3222222328186035 0.8083333373069763 0.32407405972480774 0.8041666746139526 0.32407405972480774 0.8031250238418579 0.3222222328186035 0.8041666746139526 0.3203703761100769 0.8062499761581421 0.3203703761100769 0.7958333492279053 0.3203703761100769 0.7947916388511658 0.3222222328186035 0.7927083373069763 0.3222222328186035 0.7916666865348816 0.3203703761100769 0.7906249761581421 0.3222222328186035 0.7875000238418579 0.3222222328186035 0.7864583134651184 0.3203703761100769 0.7708333134651184 0.3203703761100769 0.7697916626930237 0.3222222328186035
0 0.7145833373069763 0.3296296298503876 0.6854166388511658 0.32407405972480774 0.6645833253860474 0.32777777314186096 0.65625 0.32592591643333435 0.653124988079071 0.3203703761100769 0.6427083611488342 0.3222222328186035 0.6427083611488342 0.3185185194015503 0.6354166865348816 0.3185185194015503 0.6343749761581421 0.3222222328186035 0.6447916626930237 0.3222222328186035 0.6479166746139526 0.32592591643333435 0.6468750238418579 0.32777777314186096 0.5895833373069763 0.32777777314186096 0.5895833373069763 0.32407405972480774 0.6312500238418579 0.3203703761100769 0.5489583611488342 0.3203703761100769 0.53125 0.32407405972480774 0.5520833134651184 0.32407405972480774 0.5604166388511658 0.3203703761100769 0.574999988079071 0.3222222328186035 0.574999988079071 0.32592591643333435 0.5395833253860474 0.32777777314186096 0.5416666865348816 0.3314814865589142 0.609375 0.3314814865589142 0.643750011920929 0.3351851999759674 0.6760416626930237 0.3314814865589142 0.7124999761581421 0.3333333432674408
0 0.48645833134651184 0.3185185194015503 0.4781250059604645 0.3185185194015503 0.47708332538604736 0.3166666626930237 0.4749999940395355 0.3166666626930237 0.4739583432674408 0.3185185194015503 0.46145832538604736 0.3185185194015503 0.46041667461395264 0.3203703761100769 0.4583333432674408 0.3203703761100769 0.4697916805744171 0.3203703761100769 0.47083333134651184 0.3222222328186035 0.47187501192092896 0.3203703761100769 0.4791666567325592 0.3203703761100769 0.4802083373069763 0.3185185194015503
0 0.3552083373069763 0.3166666626930237 0.3645833432674408 0.3166666626930237 0.3656249940395355 0.3185185194015503 0.36666667461395264 0.3185185194015503 0.36770832538604736 0.3166666626930237 0.37812501192092896 0.3166666626930237 0.3791666626930237 0.31481480598449707 0.38749998807907104 0.31481480598449707 0.38854166865348816 0.31296294927597046 0.39270833134651184 0.31296294927597046 0.37291666865348816 0.31296294927597046 0.37187498807907104 0.31481480598449707 0.3645833432674408 0.31481480598449707 0.3635416626930237 0.3166666626930237
0 0.8552083373069763 0.31111112236976624 0.8614583611488342 0.31111112236976624 0.862500011920929 0.3092592656612396 0.8635416626930237 0.3092592656612396 0.8645833134651184 0.31111112236976624 0.8687499761581421 0.31111112236976624 0.871874988079071 0.3166666626930237 0.8760416507720947 0.3166666626930237 0.8770833611488342 0.3185185194015503 0.878125011920929 0.3185185194015503 0.8770833611488342 0.3166666626930237 0.8791666626930237 0.31296294927597046 0.8802083134651184 0.31296294927597046 0.8812500238418579 0.31111112236976624 0.8833333253860474 0.31111112236976624 0.8843749761581421 0.31296294927597046 0.8843749761581421 0.3166666626930237 0.887499988079071 0.3166666626930237 0.8885416388511658 0.3185185194015503 0.887499988079071 0.3203703761100769 0.8854166865348816 0.3203703761100769 0.8864583373069763 0.3222222328186035 0.8958333134651184 0.3222222328186035 0.8895833492279053 0.3222222328186035 0.8885416388511658 0.3203703761100769 0.8895833492279053 0.3185185194015503 0.903124988079071 0.3185185194015503 0.9041666388511658 0.3203703761100769 0.9156249761581421 0.3203703761100769 0.9166666865348816 0.3222222328186035 0.918749988079071 0.3222222328186035 0.9197916388511658 0.32407405972480774 0.9208333492279053 0.32407405972480774 0.921875 0.3222222328186035 0.9260416626930237 0.3222222328186035 0.9208333492279053 0.3222222328186035 0.9197916388511658 0.3203703761100769 0.9125000238418579 0.3203703761100769 0.9114583134651184 0.3185185194015503 0.90625 0.3185185194015503 0.9052083492279053 0.3166666626930237 0.8968750238418579 0.3166666626930237 0.8958333134651184 0.31481480598449707 0.890625 0.31481480598449707 0.8895833492279053 0.31296294927597046 0.8854166865348816 0.31296294927597046 0.8843749761581421 0.31111112236976624 0.8791666626930237 0.31111112236976624 0.878125011920929 0.3092592656612396 0.8708333373069763 0.3092592656612396 0.8697916865348816 0.307407408952713 0.8645833134651184 0.307407408952713 0.8635416626930237 0.3092592656612396 0.862500011920929 0.307407408952713 0.859375 0.31111112236976624
1 0.9479166865348816 0.7777777910232544 0.9479166865348816 0.7814815044403076 0.9489583373069763 0.7833333611488342 0.949999988079071 0.7833333611488342 0.9520833492279053 0.7870370149612427 0.9541666507720947 0.7870370149612427 0.9552083611488342 0.7851851582527161 0.9552083611488342 0.7833333611488342 0.956250011920929 0.7814815044403076 0.9604166746139526 0.7814815044403076 0.9614583253860474 0.779629647731781 0.9645833373069763 0.779629647731781 0.965624988079071 0.7814815044403076 0.9677083492279053 0.7814815044403076 0.96875 0.7833333611488342 0.9697916507720947 0.7833333611488342 0.9708333611488342 0.7851851582527161 0.9729166626930237 0.7851851582527161 0.9739583134651184 0.7870370149612427 0.9750000238418579 0.7870370149612427 0.9760416746139526 0.7888888716697693 0.9760416746139526 0.7870370149612427 0.9750000238418579 0.7851851582527161 0.9739583134651184 0.7851851582527161 0.9729166626930237 0.7833333611488342 0.9708333611488342 0.7833333611488342 0.9697916507720947 0.7814815044403076 0.965624988079071 0.7814815044403076 0.9645833373069763 0.779629647731781 0.9604166746139526 0.779629647731781 0.9593750238418579 0.7777777910232544
1 0.9979166388511658 0.7425925731658936 0.996874988079071 0.7444444298744202 0.9958333373069763 0.7444444298744202 0.9947916865348816 0.7462962865829468 0.9937499761581421 0.7462962865829468 0.9937499761581421 0.7518518567085266 0.9958333373069763 0.7555555701255798 0.996874988079071 0.7555555701255798 0.9989583492279053 0.7592592835426331 0.9989583492279053 0.7425925731658936
1 0.8374999761581421 0.6907407641410828 0.8374999761581421 0.6944444179534912 0.840624988079071 0.699999988079071 0.840624988079071 0.7018518447875977 0.8447916507720947 0.7092592716217041 0.8458333611488342 0.7092592716217041 0.846875011920929 0.7111111283302307 0.8479166626930237 0.7111111283302307 0.8489583134651184 0.7129629850387573 0.8541666865348816 0.7129629850387573 0.8541666865348816 0.7037037014961243 0.8531249761581421 0.7018518447875977 0.8531249761581421 0.699999988079071 0.8520833253860474 0.6981481313705444 0.8520833253860474 0.6962962746620178 0.8489583134651184 0.6907407641410828 0.8479166626930237 0.6907407641410828 0.846875011920929 0.6888889074325562 0.8395833373069763 0.6888889074325562 0.8385416865348816 0.6907407641410828
1 0.3812499940395355 0.6629629731178284 0.37291666865348816 0.6499999761581421 0.34687501192092896 0.6462963223457336 0.26770833134651184 0.664814829826355 0.18020834028720856 0.7055555582046509 0.17291666567325592 0.7037037014961243 0.14791665971279144 0.720370352268219 0.0 0.7888888716697693 0.0 0.9648148417472839 0.004166666883975267 0.9648148417472839 0.0010416667209938169 0.970370352268219 0.008333333767950535 0.9648148417472839 0.01145833358168602 0.9666666388511658 0.00937500037252903 0.970370352268219 0.01979166641831398 0.9555555582046509 0.01145833358168602 0.9574074149131775 0.02916666679084301 0.9407407641410828 0.02395833283662796 0.9574074149131775 0.03854166716337204 0.949999988079071 0.0520833320915699 0.9314814805984497 0.08437500149011612 0.914814829826355 0.125 0.8777777552604675 0.25312501192092896 0.8148148059844971 0.2822916805744171 0.7944444417953491 0.3333333432674408 0.7740740776062012 0.36770832538604736 0.7388888597488403 0.3791666626930237 0.7166666388511658 0.38333332538604736 0.6981481313705444
1 0.9677083492279053 0.7870370149612427 0.956250011920929 0.8148148059844971 0.9427083134651184 0.8148148059844971 0.8343750238418579 0.720370352268219 0.8270833492279053 0.6981481313705444 0.7770833373069763 0.7129629850387573 0.7645833492279053 0.6814814805984497 0.7510416507720947 0.7870370149612427 0.7291666865348816 0.7481481432914734 0.7385416626930237 0.7314814925193787 0.6958333253860474 0.644444465637207 0.7250000238418579 0.6277777552604675 0.7145833373069763 0.5944444537162781 0.671875 0.5685185194015503 0.5614583492279053 0.6074073910713196 0.559374988079071 0.5814814567565918 0.5427083373069763 0.5833333134651184 0.22604165971279144 0.9981481432914734 0.6979166865348816 0.9981481432914734 0.6791666746139526 0.9611111283302307 0.643750011920929 0.9574074149131775 0.5989583134651184 0.8462963104248047 0.5770833492279053 0.8537036776542664 0.5208333134651184 0.9481481313705444 0.4635416567325592 0.9981481432914734 0.44479167461395264 0.9018518328666687 0.3583333194255829 0.9555555582046509 0.38229167461395264 0.9240740537643433 0.38229167461395264 0.8962963223457336 0.38854166865348816 0.914814829826355 0.5249999761581421 0.8222222328186035 0.5833333134651184 0.7518518567085266 0.7458333373069763 0.8611111044883728 0.734375 0.9981481432914734 0.8552083373069763 0.9981481432914734 0.8374999761581421 0.9074074029922485 0.903124988079071 0.9666666388511658 0.9145833253860474 0.8129629492759705 0.9666666388511658 0.8407407402992249
1 0.3760416805744171 0.5759259462356567 0.37708333134651184 0.5777778029441833 0.3760416805744171 0.5796296000480652 0.37708333134651184 0.5814814567565918 0.3802083432674408 0.5814814567565918 0.38229167461395264 0.585185170173645 0.3843750059604645 0.585185170173645 0.3854166567325592 0.5870370268821716 0.3864583373069763 0.5870370268821716 0.38749998807907104 0.5888888835906982 0.3916666805744171 0.5888888835906982 0.39375001192092896 0.5925925970077515 0.39375001192092896 0.5870370268821716 0.3916666805744171 0.5870370268821716 0.3895833194255829 0.5833333134651184 0.3895833194255829 0.5777778029441833 0.390625 0.5759259462356567 0.390625 0.5740740895271301 0.39375001192092896 0.5685185194015503 0.3947916626930237 0.5685185194015503 0.3947916626930237 0.5648148059844971 0.39270833134651184 0.5648148059844971 0.3916666805744171 0.5629629492759705 0.3895833194255829 0.5629629492759705 0.38854166865348816 0.5648148059844971 0.3864583373069763 0.5648148059844971 0.3854166567325592 0.5666666626930237 0.38333332538604736 0.5666666626930237 0.38229167461395264 0.5685185194015503 0.3812499940395355 0.5685185194015503 0.3802083432674408 0.5703703761100769 0.3791666626930237 0.5703703761100769
1 0.0885416641831398 0.5629629492759705 0.08749999850988388 0.5648148059844971 0.08541666716337204 0.5648148059844971 0.08229167014360428 0.5685185194015503 0.08020833134651184 0.5685185194015503 0.07916666567325592 0.5703703761100769 0.078125 0.5703703761100769 0.07500000298023224 0.5740740895271301 0.0729166641831398 0.5740740895271301 0.07187499850988388 0.5759259462356567 0.07083333283662796 0.5759259462356567 0.0677083358168602 0.5796296000480652 0.06562499701976776 0.5796296000480652 0.0625 0.5833333134651184 0.06041666492819786 0.5833333134651184 0.0572916679084301 0.5870370268821716 0.05520833283662796 0.5870370268821716 0.0520833320915699 0.5907407402992249 0.05000000074505806 0.5907407402992249 0.046875 0.5944444537162781 0.04479166492819786 0.5944444537162781 0.0416666679084301 0.5981481671333313 0.03958333283662796 0.5981481671333313 0.0364583320915699 0.6018518805503845 0.03437500074505806 0.6018518805503845 0.03333333507180214 0.6037036776542664 0.03125 0.6037036776542664 0.02812499925494194 0.6074073910713196 0.02604166604578495 0.6074073910713196 0.02291666716337204 0.6111111044883728 0.02083333395421505 0.6111111044883728 0.01770833320915699 0.614814817905426 0.015625 0.614814817905426 0.014583333395421505 0.6166666746139526 0.01354166679084301 0.6166666746139526 0.015625 0.6166666746139526 0.01666666753590107 0.614814817905426 0.01875000074505806 0.614814817905426 0.01979166641831398 0.6129629611968994 0.02291666716337204 0.6129629611968994 0.02395833283662796 0.6111111044883728 0.02708333358168602 0.6111111044883728 0.02812499925494194 0.6092592477798462 0.03020833246409893 0.6092592477798462 0.03125 0.6074073910713196 0.03437500074505806 0.6074073910713196 0.03541666641831398 0.605555534362793 0.03750000149011612 0.605555534362793 0.03854166716337204 0.6037036776542664 0.0416666679084301 0.6037036776542664 0.04270833358168602 0.6018518805503845 0.04479166492819786 0.6018518805503845 0.04583333432674408 0.6000000238418579 0.04791666567325592 0.6000000238418579 0.05104166641831398 0.5962963104248047 0.05416666716337204 0.5962963104248047 0.0572916679084301 0.5925925970077515 0.05937499925494194 0.5925925970077515 0.0625 0.5888888835906982 0.06458333134651184 0.5888888835906982 0.06562499701976776 0.5870370268821716 0.06666667014360428 0.5870370268821716 0.0677083358168602 0.585185170173645 0.06875000149011612 0.585185170173645 0.07187499850988388 0.5814814567565918 0.07395832985639572 0.5814814567565918 0.07500000298023224 0.5796296000480652 0.07604166865348816 0.5796296000480652 0.078125 0.5759259462356567 0.07916666567325592 0.5759259462356567 0.08020833134651184 0.5740740895271301 0.08229167014360428 0.5740740895271301 0.08437500149011612 0.5703703761100769 0.08541666716337204 0.5703703761100769 0.08645833283662796 0.5685185194015503 0.08645833283662796 0.5666666626930237 0.08749999850988388 0.5648148059844971 0.0885416641831398 0.5648148059844971
1 0.36145833134651184 0.47592592239379883 0.3604166805744171 0.47777777910232544 0.3583333194255829 0.47777777910232544 0.35729166865348816 0.47962963581085205 0.3541666567325592 0.47962963581085205 0.3531250059604645 0.48148149251937866 0.35104167461395264 0.48148149251937866 0.34687501192092896 0.4851851761341095 0.34375 0.4851851761341095 0.3427083194255829 0.4870370328426361 0.3395833373069763 0.4870370328426361 0.33541667461395264 0.49074074625968933 0.328125 0.49259260296821594 0.3239583373069763 0.4962962865829468 0.32083332538604736 0.4962962865829468 0.31979167461395264 0.4981481432914734 0.3125 0.5 0.3114583194255829 0.5018518567085266 0.30937498807907104 0.5018518567085266 0.3083333373069763 0.5037037134170532 0.3062500059604645 0.5037037134170532 0.3020833432674408 0.5074074268341064 0.29895833134651184 0.5074074268341064 0.2979166805744171 0.5092592835426331 0.29479166865348816 0.5092592835426331 0.29374998807907104 0.5111111402511597 0.2906250059604645 0.5111111402511597 0.28958332538604736 0.5129629373550415 0.2864583432674408 0.5129629373550415 0.2854166626930237 0.5148147940635681 0.28125 0.5148147940635681 0.2802083194255829 0.5166666507720947 0.2770833373069763 0.5166666507720947 0.2760416567325592 0.5185185074806213 0.27291667461395264 0.5185185074806213 0.2718749940395355 0.520370364189148 0.2666666805744171 0.520370364189148 0.2604166567325592 0.5259259343147278 0.25833332538604736 0.5259259343147278 0.25208333134651184 0.5314815044403076 0.25208333134651184 0.5333333611488342 0.2541666626930237 0.5333333611488342 0.2552083432674408 0.5314815044403076 0.2562499940395355 0.5333333611488342 0.25729167461395264 0.5314815044403076 0.25833332538604736 0.5333333611488342 0.2593750059604645 0.5314815044403076 0.2708333432674408 0.5314815044403076 0.2718749940395355 0.529629647731781 0.2854166626930237 0.5277777910232544 0.2864583432674408 0.5259259343147278 0.2958333194255829 0.5240740776062012 0.30000001192092896 0.520370364189148 0.3031249940395355 0.520370364189148 0.30416667461395264 0.5185185074806213 0.3072916567325592 0.5185185074806213 0.3114583194255829 0.5148147940635681 0.31458333134651184 0.5148147940635681 0.3177083432674408 0.5111111402511597 0.32499998807907104 0.5092592835426331 0.32604166865348816 0.5074074268341064 0.328125 0.5074074268341064 0.3291666805744171 0.5055555701255798 0.33125001192092896 0.5055555701255798 0.3322916626930237 0.5037037134170532 0.3343749940395355 0.5037037134170532 0.33541667461395264 0.5018518567085266 0.34062498807907104 0.5 0.34375 0.4962962865829468 0.34583333134651184 0.4962962865829468 0.3541666567325592 0.4888888895511627 0.35624998807907104 0.4851851761341095 0.35729166865348816 0.4851851761341095 0.36145833134651184 0.47777777910232544
1 0.9989583492279053 0.4851851761341095 0.9989583492279053 0.46666666865348816 0.9895833134651184 0.46666666865348816 0.9885416626930237 0.46851852536201477 0.971875011920929 0.46851852536201477 0.9708333611488342 0.4703703820705414 0.9666666388511658 0.4703703820705414 0.965624988079071 0.46851852536201477 0.9593750238418579 0.46851852536201477 0.9583333134651184 0.4703703820705414 0.9593750238418579 0.4703703820705414 0.9604166746139526 0.4722222089767456 0.9645833373069763 0.4722222089767456 0.965624988079071 0.4740740656852722 0.96875 0.4740740656852722 0.9697916507720947 0.47592592239379883 0.9729166626930237 0.47592592239379883 0.9739583134651184 0.47777777910232544 0.9729166626930237 0.47962963581085205 0.9666666388511658 0.47962963581085205 0.965624988079071 0.47777777910232544 0.9541666507720947 0.47777777910232544 0.953125 0.47592592239379883 0.9447916746139526 0.47592592239379883 0.9437500238418579 0.4740740656852722 0.9375 0.4740740656852722 0.9364583492279053 0.4722222089767456 0.9291666746139526 0.4722222089767456 0.9281250238418579 0.4740740656852722 0.9260416626930237 0.4740740656852722 0.9270833134651184 0.47592592239379883 0.9291666746139526 0.47592592239379883 0.9302083253860474 0.47777777910232544 0.9468749761581421 0.47777777910232544 0.9479166865348816 0.47962963581085205 0.9624999761581421 0.47962963581085205 0.9635416865348816 0.48148149251937866 0.9802083373069763 0.48148149251937866 0.981249988079071 0.4833333194255829 0.9927083253860474 0.4833333194255829 0.9937499761581421 0.4851851761341095
1 0.5729166865348816 0.4722222089767456 0.5614583492279053 0.4703703820705414 0.5572916865348816 0.46481481194496155 0.5291666388511658 0.4611110985279083 0.49270832538604736 0.4703703820705414 0.4833333194255829 0.47592592239379883 0.484375 0.47777777910232544 0.4833333194255829 0.47962963581085205 0.47604167461395264 0.47962963581085205 0.453125 0.49074074625968933 0.4437499940395355 0.49259260296821594 0.43541666865348816 0.5 0.4375 0.5018518567085266 0.43437498807907104 0.5055555701255798 0.40625 0.5148147940635681 0.4020833373069763 0.5185185074806213 0.40625 0.5222222208976746 0.4010416567325592 0.5259259343147278 0.4020833373069763 0.5351851582527161 0.4000000059604645 0.5425925850868225 0.4010416567325592 0.5444444417953491 0.4000000059604645 0.5555555820465088 0.41458332538604736 0.5444444417953491 0.4177083373069763 0.5444444417953491 0.43541666865348816 0.529629647731781 0.46562498807907104 0.5148147940635681 0.47083333134651184 0.5092592835426331 0.4739583432674408 0.5 0.48229166865348816 0.4962962865829468 0.49166667461395264 0.5018518567085266 0.4958333373069763 0.5092592835426331 0.5 0.5111111402511597 0.5010416507720947 0.5148147940635681 0.5041666626930237 0.5148147940635681 0.515625 0.5314815044403076 0.5260416865348816 0.5314815044403076 0.528124988079071 0.529629647731781 0.5260416865348816 0.5259259343147278 0.5302083492279053 0.5240740776062012 0.5239583253860474 0.5129629373550415 0.5302083492279053 0.5092592835426331 0.5354166626930237 0.5018518567085266 0.5354166626930237 0.4981481432914734 0.5322916507720947 0.4981481432914734 0.528124988079071 0.49259260296821594 0.5291666388511658 0.4888888895511627 0.5322916507720947 0.4888888895511627 0.534375011920929 0.49259260296821594 0.5541666746139526 0.4888888895511627 0.5604166388511658 0.49074074625968933 0.5635416507720947 0.4870370328426361 0.5708333253860474 0.4888888895511627 0.5718749761581421 0.4870370328426361 0.5697916746139526 0.4833333194255829 0.5739583373069763 0.47962963581085205 0.5718749761581421 0.47592592239379883
1 0.6010416746139526 0.43518519401550293 0.5947916507720947 0.43518519401550293 0.59375 0.4333333373069763 0.5927083492279053 0.43518519401550293 0.5895833373069763 0.43518519401550293 0.5885416865348816 0.43703705072402954 0.5874999761581421 0.43703705072402954 0.5854166746139526 0.4407407343387604 0.5843750238418579 0.4407407343387604 0.5833333134651184 0.442592591047287 0.5822916626930237 0.442592591047287 0.5833333134651184 0.4444444477558136 0.5874999761581421 0.4444444477558136 0.5885416865348816 0.4462963044643402 0.5895833373069763 0.4462963044643402 0.590624988079071 0.4444444477558136 0.5916666388511658 0.4444444477558136 0.5927083492279053 0.442592591047287 0.5958333611488342 0.442592591047287 0.5989583134651184 0.43703705072402954 0.6000000238418579 0.43703705072402954
1 0.3218750059604645 0.41296297311782837 0.2958333194255829 0.41296297311782837 0.23541666567325592 0.42222222685813904 0.2239583283662796 0.4296296238899231 0.17812499403953552 0.43703705072402954 0.1614583283662796 0.4481481611728668 0.04374999925494194 0.47592592239379883 0.02708333358168602 0.4833333194255829 0.04062499850988388 0.48148149251937866 0.04062499850988388 0.4870370328426361 0.04791666567325592 0.4851851761341095 0.046875 0.49074074625968933 0.0 0.5259259343147278 0.01145833358168602 0.5277777910232544 0.03437500074505806 0.5074074268341064 0.08437500149011612 0.47962963581085205 0.09479166567325592 0.47777777910232544 0.09583333134651184 0.4740740656852722 0.10312499850988388 0.47592592239379883 0.16458334028720856 0.46296295523643494 0.2510416805744171 0.43518519401550293 0.3083333373069763 0.42592594027519226 0.31979167461395264 0.4203703701496124
1 0.06145833432674408 0.40740740299224854 0.07604166865348816 0.40740740299224854 0.07708333432674408 0.4055555462837219 0.0885416641831398 0.4055555462837219 0.08541666716337204 0.4055555462837219 0.08437500149011612 0.4037036895751953 0.0729166641831398 0.4037036895751953 0.07187499850988388 0.4055555462837219 0.06875000149011612 0.4055555462837219 0.0677083358168602 0.4037036895751953 0.06458333134651184 0.4037036895751953 0.0625 0.40740740299224854
1 0.8656250238418579 0.3907407522201538 0.8739583492279053 0.39259257912635803 0.875 0.39444443583488464 0.8833333253860474 0.39629629254341125 0.8843749761581421 0.39814814925193787 0.8885416388511658 0.39814814925193787 0.8895833492279053 0.4000000059604645 0.8947916626930237 0.4000000059604645 0.8958333134651184 0.4018518626689911 0.9083333611488342 0.4018518626689911 0.909375011920929 0.4037036895751953 0.9125000238418579 0.4018518626689911 0.9135416746139526 0.4037036895751953 0.925000011920929 0.4055555462837219 0.9260416626930237 0.40740740299224854 0.9437500238418579 0.40925925970077515 0.9447916746139526 0.41111111640930176 0.9520833492279053 0.41111111640930176 0.953125 0.41296297311782837 0.9604166746139526 0.41296297311782837 0.9614583253860474 0.4148148000240326 0.9697916507720947 0.4148148000240326 0.9708333611488342 0.4166666567325592 0.981249988079071 0.4166666567325592 0.9822916388511658 0.4185185134410858 0.987500011920929 0.4185185134410858 0.9885416626930237 0.4203703701496124 0.9916666746139526 0.4203703701496124 0.9937499761581421 0.4166666567325592 0.996874988079071 0.4166666567325592 0.9895833134651184 0.4166666567325592 0.9854166507720947 0.41296297311782837 0.9864583611488342 0.41111111640930176 0.9958333373069763 0.41111111640930176 0.996874988079071 0.41296297311782837 0.9989583492279053 0.41111111640930176 0.9989583492279053 0.4000000059604645 0.987500011920929 0.39814814925193787 0.9864583611488342 0.39629629254341125 0.9802083373069763 0.39444443583488464 0.9791666865348816 0.39259257912635803 0.9802083373069763 0.3907407522201538 0.984375 0.3907407522201538 0.9822916388511658 0.3870370388031006 0.9770833253860474 0.3870370388031006 0.9760416746139526 0.385185182094574 0.9697916507720947 0.385185182094574 0.96875 0.3870370388031006 0.9614583253860474 0.3870370388031006 0.9604166746139526 0.385185182094574 0.9593750238418579 0.3870370388031006 0.9583333134651184 0.385185182094574 0.9520833492279053 0.385185182094574 0.9489583373069763 0.38333332538604736 0.9447916746139526 0.3870370388031006 0.9385416507720947 0.3870370388031006 0.9375 0.3888888955116272 0.9354166388511658 0.3870370388031006 0.9302083253860474 0.3870370388031006 0.9291666746139526 0.385185182094574 0.9239583611488342 0.385185182094574 0.9177083373069763 0.3907407522201538 0.9135416746139526 0.3870370388031006 0.9072916507720947 0.3870370388031006 0.90625 0.385185182094574 0.8947916626930237 0.385185182094574 0.893750011920929 0.38333332538604736 0.8927083611488342 0.385185182094574 0.8802083134651184 0.385185182094574 0.8791666626930237 0.3870370388031006 0.878125011920929 0.385185182094574 0.8697916865348816 0.38333332538604736 0.8697916865348816 0.385185182094574
1 0.5208333134651184 0.385185182094574 0.46666666865348816 0.385185182094574 0.4468750059604645 0.39629629254341125 0.42500001192092896 0.39629629254341125 0.40625 0.40925925970077515 0.34166666865348816 0.42222222685813904 0.32604166865348816 0.43703705072402954 0.30000001192092896 0.43518519401550293 0.29479166865348816 0.43703705072402954 0.2958333194255829 0.4407407343387604 0.2604166567325592 0.4481481611728668 0.234375 0.4611110985279083 0.2802083194255829 0.45370370149612427 0.3447916805744171 0.45370370149612427 0.3479166626930237 0.4592592716217041 0.19374999403953552 0.4888888895511627 0.16354165971279144 0.5092592835426331 0.20520833134651184 0.4981481432914734 0.2083333283662796 0.5018518567085266 0.20520833134651184 0.5111111402511597 0.2291666716337204 0.5037037134170532 0.2614583373069763 0.5055555701255798 0.2927083373069763 0.4981481432914734 0.3489583432674408 0.4703703820705414 0.3656249940395355 0.45185184478759766 0.3583333194255829 0.4481481611728668 0.3645833432674408 0.4444444477558136 0.36770832538604736 0.4333333373069763 0.38854166865348816 0.4185185134410858 0.4333333373069763 0.41111111640930176 0.4333333373069763 0.4055555462837219
1 0.7760416865348816 0.4055555462837219 0.7802083492279053 0.4055555462837219 0.78125 0.40740740299224854 0.778124988079071 0.41296297311782837 0.78125 0.41296297311782837 0.7822916507720947 0.4148148000240326 0.78125 0.4166666567325592 0.7916666865348816 0.4277777671813965 0.7958333492279053 0.43703705072402954 0.8364583253860474 0.4481481611728668 0.84375 0.4481481611728668 0.846875011920929 0.45370370149612427 0.8458333611488342 0.4592592716217041 0.8500000238418579 0.46481481194496155 0.856249988079071 0.46851852536201477 0.8572916388511658 0.46481481194496155 0.8604166507720947 0.46296295523643494 0.8635416626930237 0.46481481194496155 0.8645833134651184 0.4611110985279083 0.878125011920929 0.4574074149131775 0.8604166507720947 0.44999998807907104 0.859375 0.4481481611728668 0.8604166507720947 0.4462963044643402 0.8666666746139526 0.4462963044643402 0.8729166388511658 0.44999998807907104 0.8635416626930237 0.4407407343387604 0.8604166507720947 0.4407407343387604 0.8510416746139526 0.4333333373069763 0.8520833253860474 0.4314814805984497 0.8635416626930237 0.4314814805984497 0.862500011920929 0.4296296238899231 0.8291666507720947 0.4148148000240326 0.8197916746139526 0.4037036895751953 0.824999988079071 0.4000000059604645 0.8395833373069763 0.4037036895751953 0.8427083492279053 0.4000000059604645 0.8677083253860474 0.4055555462837219 0.8729166388511658 0.41111111640930176 0.8833333253860474 0.41296297311782837 0.8760416507720947 0.41111111640930176 0.8645833134651184 0.4018518626689911 0.840624988079071 0.39444443583488464 0.8374999761581421 0.3907407522201538 0.8395833373069763 0.3870370388031006 0.8239583373069763 0.3777777850627899 0.8114583492279053 0.385185182094574 0.8062499761581421 0.39444443583488464 0.7822916507720947 0.39629629254341125 0.784375011920929 0.39629629254341125 0.7854166626930237 0.39814814925193787
1 0.4791666567325592 0.364814817905426 0.47604167461395264 0.364814817905426 0.4749999940395355 0.3629629611968994 0.46562498807907104 0.3629629611968994 0.4645833373069763 0.364814817905426 0.45104166865348816 0.364814817905426 0.44999998807907104 0.36666667461395264 0.4437499940395355 0.36666667461395264 0.4427083432674408 0.364814817905426 0.4322916567325592 0.364814817905426 0.4312500059604645 0.36666667461395264 0.42395833134651184 0.36666667461395264 0.4229166805744171 0.36851853132247925 0.4208333194255829 0.36851853132247925 0.41979166865348816 0.37037035822868347 0.41874998807907104 0.37037035822868347 0.4177083373069763 0.3722222149372101 0.4156250059604645 0.3722222149372101 0.41458332538604736 0.3740740716457367 0.39270833134651184 0.3740740716457367 0.3916666805744171 0.3759259283542633 0.3895833194255829 0.3759259283542633 0.3843750059604645 0.38148146867752075 0.3854166567325592 0.38148146867752075 0.38749998807907104 0.385185182094574 0.38854166865348816 0.38333332538604736 0.3895833194255829 0.38333332538604736 0.390625 0.385185182094574 0.3968749940395355 0.385185182094574 0.39791667461395264 0.38333332538604736 0.40312498807907104 0.38333332538604736 0.4000000059604645 0.38333332538604736 0.39895832538604736 0.38148146867752075 0.3968749940395355 0.38148146867752075 0.3958333432674408 0.37962964177131653 0.3968749940395355 0.3777777850627899 0.4010416567325592 0.3777777850627899 0.4020833373069763 0.3759259283542633 0.4052083194255829 0.3759259283542633 0.40833333134651184 0.37962964177131653 0.4072916805744171 0.38148146867752075 0.4104166626930237 0.38148146867752075 0.4114583432674408 0.37962964177131653 0.4166666567325592 0.37962964177131653 0.4177083373069763 0.3777777850627899 0.42500001192092896 0.3777777850627899 0.4260416626930237 0.3759259283542633 0.4322916567325592 0.3759259283542633 0.4333333373069763 0.3740740716457367 0.4385416805744171 0.3740740716457367 0.43958333134651184 0.3722222149372101 0.4479166567325592 0.3722222149372101 0.4489583373069763 0.37037035822868347 0.4593749940395355 0.37037035822868347 0.46041667461395264 0.36851853132247925 0.47187501192092896 0.36851853132247925 0.4729166626930237 0.36666667461395264 0.4781250059604645 0.36666667461395264
1 0.7395833134651184 0.35740742087364197 0.768750011920929 0.3592592477798462 0.7697916626930237 0.3611111044883728 0.7666666507720947 0.3629629611968994 0.7697916626930237 0.3629629611968994 0.7708333134651184 0.364814817905426 0.7875000238418579 0.36666667461395264 0.7885416746139526 0.36851853132247925 0.7947916388511658 0.36851853132247925 0.7958333492279053 0.37037035822868347 0.7979166507720947 0.36851853132247925 0.8052083253860474 0.3722222149372101 0.8218749761581421 0.3722222149372101 0.828125 0.3759259283542633 0.8427083492279053 0.3759259283542633 0.8416666388511658 0.3740740716457367 0.8322916626930237 0.3722222149372101 0.831250011920929 0.37037035822868347 0.8333333134651184 0.36666667461395264 0.8447916507720947 0.36666667461395264 0.8458333611488342 0.36851853132247925 0.8552083373069763 0.37037035822868347 0.8656250238418579 0.3759259283542633 0.8833333253860474 0.3759259283542633 0.8843749761581421 0.3740740716457367 0.8895833492279053 0.3740740716457367 0.8916666507720947 0.3722222149372101 0.8916666507720947 0.37037035822868347 0.887499988079071 0.37037035822868347 0.875 0.3629629611968994 0.8583333492279053 0.3611111044883728 0.8572916388511658 0.3592592477798462 0.8385416865348816 0.3592592477798462 0.8374999761581421 0.3611111044883728 0.8343750238418579 0.3592592477798462 0.8187500238418579 0.3592592477798462 0.8177083134651184 0.3611111044883728 0.8072916865348816 0.3611111044883728 0.8062499761581421 0.3629629611968994 0.8031250238418579 0.3629629611968994 0.8020833134651184 0.36666667461395264 0.796875 0.36666667461395264 0.7947916388511658 0.3629629611968994 0.7927083373069763 0.364814817905426 0.7875000238418579 0.364814817905426 0.7833333611488342 0.3611111044883728 0.7604166865348816 0.3592592477798462 0.7593749761581421 0.35740742087364197 0.7614583373069763 0.35555556416511536 0.7427083253860474 0.35555556416511536
1 0.2718749940395355 0.3629629611968994 0.27916666865348816 0.3629629611968994 0.28125 0.3592592477798462 0.2802083194255829 0.35740742087364197 0.28125 0.35555556416511536 0.28333333134651184 0.35555556416511536 0.28125 0.35555556416511536 0.2802083194255829 0.35370370745658875 0.28125 0.35185185074806213 0.28854167461395264 0.35185185074806213 0.27812498807907104 0.35185185074806213 0.27812498807907104 0.35370370745658875 0.2760416567325592 0.35740742087364197 0.2750000059604645 0.35740742087364197 0.27291667461395264 0.3611111044883728 0.2718749940395355 0.3611111044883728
1 0.5072916746139526 0.3592592477798462 0.5177083611488342 0.3592592477798462 0.518750011920929 0.35740742087364197 0.5239583253860474 0.35740742087364197 0.5249999761581421 0.3592592477798462 0.5291666388511658 0.3592592477798462 0.5302083492279053 0.3611111044883728 0.534375011920929 0.3611111044883728 0.5354166626930237 0.3592592477798462 0.5395833253860474 0.3592592477798462 0.5406249761581421 0.35740742087364197 0.5458333492279053 0.35740742087364197 0.546875 0.35555556416511536 0.5562499761581421 0.35555556416511536 0.5572916865348816 0.35370370745658875 0.5677083134651184 0.35370370745658875 0.5687500238418579 0.35185185074806213 0.574999988079071 0.35185185074806213 0.5739583373069763 0.35185185074806213 0.5729166865348816 0.3499999940395355 0.5520833134651184 0.3499999940395355 0.5510416626930237 0.35185185074806213 0.5427083373069763 0.35185185074806213 0.5416666865348816 0.3499999940395355 0.5364583134651184 0.3499999940395355 0.5354166626930237 0.35185185074806213 0.5291666388511658 0.35185185074806213 0.528124988079071 0.35370370745658875 0.5260416865348816 0.35370370745658875 0.5249999761581421 0.35555556416511536 0.5229166746139526 0.35555556416511536 0.5218750238418579 0.35740742087364197 0.5114583373069763 0.35740742087364197 0.5104166865348816 0.3592592477798462
1 0.22499999403953552 0.3870370388031006 0.16354165971279144 0.37962964177131653 0.16770833730697632 0.38148146867752075 0.16041666269302368 0.3870370388031006 0.16354165971279144 0.39259257912635803 0.13333334028720856 0.3907407522201538 0.15000000596046448 0.39814814925193787 0.18645833432674408 0.39444443583488464 0.16249999403953552 0.4000000059604645 0.171875 0.4037036895751953 0.16354165971279144 0.4166666567325592 0.14479166269302368 0.4055555462837219 0.03333333507180214 0.4203703701496124 0.04374999925494194 0.40925925970077515 0.03229166567325592 0.4037036895751953 0.06875000149011612 0.3888888955116272 0.03750000149011612 0.39629629254341125 0.05104166641831398 0.3870370388031006 0.0364583320915699 0.38333332538604736 0.1197916641831398 0.36851853132247925 0.12604166567325592 0.38148146867752075 0.11145833134651184 0.385185182094574 0.12916666269302368 0.3888888955116272 0.13854166865348816 0.38148146867752075 0.12708333134651184 0.38148146867752075 0.14166666567325592 0.3759259283542633 0.12395833432674408 0.3629629611968994 0.0677083358168602 0.3592592477798462 0.19062499701976776 0.3462963104248047 0.140625 0.34074074029922485 0.04062499850988388 0.35370370745658875 0.01770833320915699 0.3629629611968994 0.04791666567325592 0.364814817905426 0.0 0.37037035822868347 0.02083333395421505 0.38333332538604736 0.01145833358168602 0.3888888955116272 0.01666666753590107 0.39444443583488464 0.0 0.4018518626689911 0.0 0.41111111640930176 0.02916666679084301 0.41296297311782837 0.0 0.4185185134410858 0.0 0.4462963044643402 0.03437500074505806 0.45370370149612427 0.10520832985639572 0.442592591047287 0.18437500298023224 0.4185185134410858 0.17083333432674408 0.4185185134410858
1 0.3177083432674408 0.3351851999759674 0.3031249940395355 0.3351851999759674 0.3020833432674408 0.33703702688217163 0.29479166865348816 0.33703702688217163 0.29374998807907104 0.33888888359069824 0.2927083373069763 0.33703702688217163 0.2906250059604645 0.33703702688217163 0.28958332538604736 0.33888888359069824 0.27916666865348816 0.33888888359069824 0.27812498807907104 0.34074074029922485 0.2770833373069763 0.34074074029922485 0.2760416567325592 0.34259259700775146 0.2750000059604645 0.34259259700775146 0.27395832538604736 0.3444444537162781 0.2822916805744171 0.3444444537162781 0.28333333134651184 0.34259259700775146 0.28958332538604736 0.34259259700775146 0.2906250059604645 0.34074074029922485 0.29374998807907104 0.34074074029922485 0.29479166865348816 0.33888888359069824 0.3031249940395355 0.33888888359069824 0.30416667461395264 0.33703702688217163 0.30520832538604736 0.33888888359069824 0.3083333373069763 0.33888888359069824 0.30937498807907104 0.33703702688217163 0.31458333134651184 0.33703702688217163 0.31562501192092896 0.3351851999759674
1 0.6833333373069763 0.33703702688217163 0.6885416507720947 0.33703702688217163 0.6895833611488342 0.33888888359069824 0.6937500238418579 0.33888888359069824 0.6947916746139526 0.34074074029922485 0.6958333253860474 0.33888888359069824 0.703125 0.33888888359069824 0.7041666507720947 0.34074074029922485 0.7093750238418579 0.34074074029922485 0.7104166746139526 0.34259259700775146 0.7093750238418579 0.3444444537162781 0.7114583253860474 0.34074074029922485 0.7145833373069763 0.3444444537162781 0.7135416865348816 0.3462963104248047 0.7145833373069763 0.3444444537162781 0.71875 0.3444444537162781 0.7197916507720947 0.3462963104248047 0.7260416746139526 0.3462963104248047 0.7270833253860474 0.3481481373310089 0.7354166507720947 0.3481481373310089 0.7364583611488342 0.3462963104248047 0.737500011920929 0.3481481373310089 0.7406250238418579 0.3481481373310089 0.7416666746139526 0.3499999940395355 0.7479166388511658 0.3499999940395355 0.7489583492279053 0.35185185074806213 0.7562500238418579 0.35185185074806213 0.7572916746139526 0.3499999940395355 0.7583333253860474 0.35185185074806213 0.7593749761581421 0.3499999940395355 0.7635416388511658 0.3499999940395355 0.7645833492279053 0.3481481373310089 0.7666666507720947 0.3481481373310089 0.7677083611488342 0.35185185074806213 0.7802083492279053 0.35185185074806213 0.7791666388511658 0.35185185074806213 0.7749999761581421 0.3462963104248047 0.7791666388511658 0.34259259700775146 0.7833333611488342 0.34259259700775146 0.78125 0.34259259700775146 0.7802083492279053 0.34074074029922485 0.7739583253860474 0.34074074029922485 0.7697916626930237 0.3444444537162781 0.765625 0.3444444537162781 0.7645833492279053 0.34259259700775146 0.7614583373069763 0.34259259700775146 0.7604166865348816 0.34074074029922485 0.7593749761581421 0.34259259700775146 0.7583333253860474 0.34074074029922485 0.75 0.34074074029922485 0.7489583492279053 0.33888888359069824 0.75 0.33703702688217163 0.7427083253860474 0.33703702688217163 0.7416666746139526 0.3351851999759674 0.7270833253860474 0.3351851999759674 0.7260416746139526 0.3333333432674408 0.7135416865348816 0.3333333432674408 0.7124999761581421 0.3351851999759674 0.7010416388511658 0.3351851999759674 0.699999988079071 0.3333333432674408 0.6979166865348816 0.3333333432674408 0.6968749761581421 0.3351851999759674 0.6885416507720947 0.3351851999759674 0.6875 0.3333333432674408
1 0.5843750238418579 0.3351851999759674 0.590624988079071 0.3351851999759674 0.5916666388511658 0.33703702688217163 0.5958333611488342 0.33703702688217163 0.596875011920929 0.33888888359069824 0.5989583134651184 0.33888888359069824 0.6000000238418579 0.33703702688217163 0.6010416746139526 0.33888888359069824 0.6083333492279053 0.33888888359069824 0.609375 0.34074074029922485 0.6104166507720947 0.33888888359069824 0.612500011920929 0.34259259700775146 0.6197916865348816 0.34259259700775146 0.6208333373069763 0.3444444537162781 0.6260416507720947 0.3444444537162781 0.6270833611488342 0.3462963104248047 0.6291666626930237 0.3462963104248047 0.6302083134651184 0.3481481373310089 0.6333333253860474 0.3481481373310089 0.6343749761581421 0.3499999940395355 0.6354166865348816 0.3499999940395355 0.6364583373069763 0.35185185074806213 0.6354166865348816 0.35370370745658875 0.6343749761581421 0.35370370745658875 0.6395833492279053 0.35370370745658875 0.6385416388511658 0.35370370745658875 0.637499988079071 0.35185185074806213 0.6385416388511658 0.3499999940395355 0.643750011920929 0.3499999940395355 0.6468750238418579 0.35370370745658875 0.6499999761581421 0.35370370745658875 0.6510416865348816 0.35185185074806213 0.6583333611488342 0.35185185074806213 0.659375011920929 0.3499999940395355 0.6614583134651184 0.3499999940395355 0.6625000238418579 0.3481481373310089 0.6677083373069763 0.3481481373310089 0.6656249761581421 0.3481481373310089 0.6645833253860474 0.3462963104248047 0.6510416865348816 0.3462963104248047 0.6499999761581421 0.3444444537162781 0.6427083611488342 0.3444444537162781 0.6416666507720947 0.34259259700775146 0.640625 0.3444444537162781 0.6229166388511658 0.3444444537162781 0.6197916865348816 0.34074074029922485 0.6145833134651184 0.34074074029922485 0.6135416626930237 0.33888888359069824 0.6145833134651184 0.33703702688217163 0.6187499761581421 0.33703702688217163 0.6177083253860474 0.3351851999759674 0.6104166507720947 0.3351851999759674 0.609375 0.3333333432674408 0.6083333492279053 0.3333333432674408 0.6072916388511658 0.3351851999759674
1 0.574999988079071 0.32407405972480774 0.5614583492279053 0.32407405972480774 0.5604166388511658 0.3222222328186035 0.5562499761581421 0.3222222328186035 0.5552083253860474 0.32407405972480774 0.5531250238418579 0.32407405972480774 0.5520833134651184 0.32592591643333435 0.5510416626930237 0.32592591643333435 0.550000011920929 0.32407405972480774 0.5447916388511658 0.32407405972480774 0.543749988079071 0.32592591643333435 0.5375000238418579 0.32592591643333435 0.5364583134651184 0.32777777314186096 0.534375011920929 0.32777777314186096 0.5354166626930237 0.32777777314186096 0.5364583134651184 0.3296296298503876 0.5385416746139526 0.3296296298503876 0.5395833253860474 0.3314814865589142 0.5406249761581421 0.3314814865589142 0.5416666865348816 0.3333333432674408 0.5406249761581421 0.3351851999759674 0.5322916507720947 0.3351851999759674 0.53125 0.3333333432674408 0.53125 0.3351851999759674 0.5416666865348816 0.3351851999759674 0.5427083373069763 0.3333333432674408 0.543749988079071 0.3333333432674408 0.5447916388511658 0.3351851999759674 0.5583333373069763 0.3351851999759674 0.5583333373069763 0.3333333432674408 0.5572916865348816 0.3333333432674408 0.5562499761581421 0.3351851999759674 0.5510416626930237 0.3351851999759674 0.550000011920929 0.3333333432674408 0.5489583611488342 0.3351851999759674 0.5479166507720947 0.3351851999759674 0.546875 0.3333333432674408 0.5416666865348816 0.3333333432674408 0.5385416746139526 0.32777777314186096 0.5395833253860474 0.32592591643333435 0.5531250238418579 0.32592591643333435 0.5541666746139526 0.32407405972480774
1 0.8812500238418579 0.32592591643333435 0.8895833492279053 0.32592591643333435 0.890625 0.32777777314186096 0.887499988079071 0.3296296298503876 0.8958333134651184 0.3314814865589142 0.8968750238418579 0.3333333432674408 0.8947916626930237 0.3351851999759674 0.8989583253860474 0.33703702688217163 0.9041666388511658 0.34259259700775146 0.9072916507720947 0.34259259700775146 0.9104166626930237 0.33888888359069824 0.909375011920929 0.33703702688217163 0.9104166626930237 0.3351851999759674 0.9135416746139526 0.3351851999759674 0.918749988079071 0.3296296298503876 0.9020833373069763 0.32777777314186096 0.9010416865348816 0.32592591643333435 0.9020833373069763 0.32407405972480774 0.940625011920929 0.32777777314186096 0.9416666626930237 0.3296296298503876 0.9385416507720947 0.3314814865589142 0.9468749761581421 0.3296296298503876 0.9479166865348816 0.3314814865589142 0.9468749761581421 0.3333333432674408 0.9541666507720947 0.3333333432674408 0.9614583253860474 0.33703702688217163 0.9989583492279053 0.34259259700775146 0.9989583492279053 0.3314814865589142 0.9677083492279053 0.3296296298503876 0.9666666388511658 0.32777777314186096 0.96875 0.32407405972480774 0.9760416746139526 0.32407405972480774 0.9729166626930237 0.32407405972480774 0.971875011920929 0.3222222328186035 0.9510416388511658 0.3222222328186035 0.949999988079071 0.3203703761100769 0.9468749761581421 0.3203703761100769 0.940625011920929 0.32407405972480774 0.9354166388511658 0.32407405972480774 0.934374988079071 0.3222222328186035 0.9291666746139526 0.3222222328186035 0.9281250238418579 0.32407405972480774 0.9270833134651184 0.3222222328186035 0.9197916388511658 0.32592591643333435 0.9156249761581421 0.3222222328186035 0.8895833492279053 0.3203703761100769 0.9010416865348816 0.3222222328186035 0.9020833373069763 0.32407405972480774 0.9010416865348816 0.32592591643333435 0.8927083611488342 0.32592591643333435 0.8916666507720947 0.32777777314186096 0.8864583373069763 0.32407405972480774
1 0.5864583253860474 0.3185185194015503 0.5885416865348816 0.3185185194015503 0.5895833373069763 0.3166666626930237 0.596875011920929 0.3166666626930237 0.5979166626930237 0.3185185194015503 0.6052083373069763 0.3185185194015503 0.606249988079071 0.3166666626930237 0.6072916388511658 0.3185185194015503 0.6312500238418579 0.3185185194015503 0.6322916746139526 0.3203703761100769 0.6333333253860474 0.3203703761100769 0.6333333253860474 0.3185185194015503 0.6291666626930237 0.3185185194015503 0.628125011920929 0.3166666626930237 0.6270833611488342 0.3166666626930237 0.6260416507720947 0.3185185194015503 0.625 0.3185185194015503 0.6239583492279053 0.3166666626930237 0.6156250238418579 0.3166666626930237 0.6145833134651184 0.31481480598449707 0.6104166507720947 0.31481480598449707 0.609375 0.3166666626930237 0.6072916388511658 0.3166666626930237 0.606249988079071 0.31481480598449707 0.6041666865348816 0.31481480598449707 0.6020833253860474 0.3185185194015503 0.6000000238418579 0.3185185194015503 0.5979166626930237 0.31481480598449707 0.596875011920929 0.3166666626930237 0.5895833373069763 0.3166666626930237 0.5885416865348816 0.3185185194015503
1 0.4000000059604645 0.32407405972480774 0.3947916626930237 0.32407405972480774 0.3916666805744171 0.3185185194015503 0.3895833194255829 0.3203703761100769 0.38854166865348816 0.3185185194015503 0.38749998807907104 0.3203703761100769 0.3656249940395355 0.3203703761100769 0.3645833432674408 0.3185185194015503 0.3552083373069763 0.3185185194015503 0.3531250059604645 0.31481480598449707 0.3479166626930237 0.31481480598449707 0.34583333134651184 0.3185185194015503 0.33645832538604736 0.3185185194015503 0.33541667461395264 0.3203703761100769 0.33020833134651184 0.3203703761100769 0.3291666805744171 0.3185185194015503 0.2760416567325592 0.3185185194015503 0.27291667461395264 0.32407405972480774 0.2666666805744171 0.32407405972480774 0.2614583373069763 0.3296296298503876 0.2541666626930237 0.3296296298503876 0.25312501192092896 0.3314814865589142 0.25 0.3314814865589142 0.25312501192092896 0.3314814865589142 0.2541666626930237 0.3296296298503876 0.2593750059604645 0.3296296298503876 0.2604166567325592 0.3314814865589142 0.2614583373069763 0.3296296298503876 0.26249998807907104 0.3314814865589142 0.2645833194255829 0.3314814865589142 0.265625 0.3296296298503876 0.2697916626930237 0.3296296298503876 0.2708333432674408 0.32777777314186096 0.27812498807907104 0.32777777314186096 0.27916666865348816 0.3314814865589142 0.2854166626930237 0.3314814865589142 0.2864583432674408 0.3296296298503876 0.2906250059604645 0.3296296298503876 0.2916666567325592 0.32777777314186096 0.29895833134651184 0.32777777314186096 0.30000001192092896 0.3296296298503876 0.328125 0.3296296298503876 0.3291666805744171 0.3314814865589142 0.328125 0.3333333432674408 0.33645832538604736 0.3333333432674408 0.3375000059604645 0.3314814865589142 0.3489583432674408 0.3314814865589142 0.3499999940395355 0.3296296298503876 0.35208332538604736 0.3296296298503876 0.3531250059604645 0.3314814865589142 0.3552083373069763 0.3296296298503876 0.36145833134651184 0.3314814865589142 0.3604166805744171 0.32777777314186096 0.36145833134651184 0.32592591643333435 0.36770832538604736 0.32592591643333435 0.3687500059604645 0.32407405972480774 0.38229167461395264 0.32407405972480774 0.38333332538604736 0.3222222328186035 0.39375001192092896 0.32407405972480774 0.3947916626930237 0.32592591643333435
1 0.5416666865348816 0.31296294927597046 0.5416666865348816 0.3185185194015503 0.543749988079071 0.3185185194015503 0.5447916388511658 0.3203703761100769 0.5479166507720947 0.3203703761100769 0.5489583611488342 0.3185185194015503 0.574999988079071 0.3185185194015503 0.5760416388511658 0.3166666626930237 0.5822916626930237 0.3166666626930237 0.5833333134651184 0.3185185194015503 0.5843750238418579 0.3185185194015503 0.5833333134651184 0.3185185194015503 0.5822916626930237 0.3166666626930237 0.5760416388511658 0.3166666626930237 0.574999988079071 0.31481480598449707 0.5666666626930237 0.31481480598449707 0.565625011920929 0.31296294927597046 0.5625 0.31296294927597046 0.5614583492279053 0.31481480598449707 0.5625 0.31481480598449707 0.5635416507720947 0.3166666626930237 0.5625 0.3185185194015503 0.5572916865348816 0.3185185194015503 0.5562499761581421 0.3166666626930237 0.5572916865348816 0.31481480598449707 0.5583333373069763 0.31481480598449707 0.5572916865348816 0.31296294927597046 0.5541666746139526 0.31296294927597046 0.5531250238418579 0.31481480598449707 0.546875 0.31481480598449707 0.5458333492279053 0.31296294927597046
1 0.6427083611488342 0.3203703761100769 0.653124988079071 0.3185185194015503 0.65625 0.32407405972480774 0.6645833253860474 0.32592591643333435 0.6812499761581421 0.3222222328186035 0.7427083253860474 0.32592591643333435 0.7416666746139526 0.3296296298503876 0.7708333134651184 0.3333333432674408 0.7614583373069763 0.3314814865589142 0.7614583373069763 0.32777777314186096 0.7916666865348816 0.3351851999759674 0.7916666865348816 0.34074074029922485 0.784375011920929 0.33888888359069824 0.7885416746139526 0.34074074029922485 0.800000011920929 0.33888888359069824 0.8125 0.3499999940395355 0.8812500238418579 0.35185185074806213 0.8885416388511658 0.3481481373310089 0.8802083134651184 0.3444444537162781 0.8885416388511658 0.34259259700775146 0.8770833611488342 0.33888888359069824 0.8708333373069763 0.34074074029922485 0.8802083134651184 0.34074074029922485 0.8802083134651184 0.3444444537162781 0.8697916865348816 0.3444444537162781 0.8635416626930237 0.33888888359069824 0.84375 0.33703702688217163 0.84375 0.3333333432674408 0.8572916388511658 0.3351851999759674 0.8656250238418579 0.3296296298503876 0.8760416507720947 0.3296296298503876 0.84375 0.32592591643333435 0.84375 0.3222222328186035 0.8479166626930237 0.3222222328186035 0.8416666388511658 0.32407405972480774 0.8395833373069763 0.3203703761100769 0.8354166746139526 0.3203703761100769 0.840624988079071 0.3222222328186035 0.8374999761581421 0.32592591643333435 0.8479166626930237 0.32777777314186096 0.8322916626930237 0.33703702688217163 0.8208333253860474 0.33703702688217163 0.8135416507720947 0.32777777314186096 0.8020833134651184 0.3296296298503876 0.8020833134651184 0.32407405972480774 0.8083333373069763 0.3203703761100769 0.7697916626930237 0.32777777314186096 0.7572916746139526 0.3222222328186035 0.7489583492279053 0.32407405972480774 0.7489583492279053 0.3203703761100769 0.7552083134651184 0.3185185194015503 0.768750011920929 0.3203703761100769 0.6989583373069763 0.31296294927597046 0.6927083134651184 0.3185185194015503 0.6781250238418579 0.3092592656612396 0.671875 0.31111112236976624 0.6791666746139526 0.31111112236976624 0.6770833134651184 0.3166666626930237 0.6645833253860474 0.31296294927597046 0.6583333611488342 0.3185185194015503
2 0.15208333730697632 0.5962963104248047 0.15000000596046448 0.5944444537162781 0.1510416716337204 0.5925925970077515 0.1458333283662796 0.5870370268821716 0.13645833730697632 0.5944444537162781 0.13333334028720856 0.5944444537162781 0.12604166567325592 0.6000000238418579 0.12291666865348816 0.6000000238418579 0.109375 0.6111111044883728 0.08645833283662796 0.6185185313224792 0.0729166641831398 0.6296296119689941 0.06875000149011612 0.6296296119689941 0.06354166567325592 0.635185182094574 0.06041666492819786 0.635185182094574 0.05833333358168602 0.6388888955116272 0.05312500149011612 0.6407407522201538 0.04791666567325592 0.6462963223457336 0.0416666679084301 0.6481481194496155 0.02916666679084301 0.6555555462837219 0.02604166604578495 0.6592592597007751 0.01875000074505806 0.6611111164093018 0.015625 0.664814829826355 0.0 0.6740740537643433 0.0 0.6777777671813965 0.004166666883975267 0.6740740537643433 0.008333333767950535 0.6740740537643433 0.01145833358168602 0.6703703999519348 0.01875000074505806 0.6685185432434082 0.02291666716337204 0.664814829826355 0.02708333358168602 0.664814829826355 0.03541666641831398 0.6592592597007751 0.03854166716337204 0.6592592597007751 0.0416666679084301 0.6555555462837219 0.04583333432674408 0.6555555462837219 0.04895833507180214 0.6518518328666687 0.05416666716337204 0.6518518328666687 0.05833333358168602 0.6481481194496155 0.06145833432674408 0.6481481194496155 0.0677083358168602 0.644444465637207 0.06875000149011612 0.6388888955116272 0.07083333283662796 0.6388888955116272 0.07708333432674408 0.6333333253860474 0.08020833134651184 0.6333333253860474 0.09375 0.6259258985519409 0.09791667014360428 0.6259258985519409 0.0989583358168602 0.6240741014480591 0.10625000298023224 0.6240741014480591 0.11249999701976776 0.6203703880310059 0.11770833283662796 0.6203703880310059 0.1197916641831398 0.6166666746139526 0.1302083283662796 0.6129629611968994 0.13958333432674408 0.6037036776542664 0.14270833134651184 0.6037036776542664 0.14479166269302368 0.6000000238418579
2 0.2541666626930237 0.5407407283782959 0.25312501192092896 0.5388888716697693 0.25312501192092896 0.5351851582527161 0.25208333134651184 0.5351851582527161 0.2510416805744171 0.5333333611488342 0.25 0.5333333611488342 0.24791666865348816 0.5370370149612427 0.24687500298023224 0.5370370149612427 0.24583333730697632 0.5388888716697693 0.24375000596046448 0.5388888716697693 0.24270834028720856 0.5407407283782959 0.2395833283662796 0.5407407283782959 0.23854166269302368 0.5425925850868225 0.234375 0.5425925850868225 0.23333333432674408 0.5444444417953491 0.23125000298023224 0.5444444417953491 0.23020833730697632 0.5462962985038757 0.2291666716337204 0.5462962985038757 0.22812500596046448 0.5481481552124023 0.22708334028720856 0.5481481552124023 0.22604165971279144 0.550000011920929 0.22499999403953552 0.550000011920929 0.2239583283662796 0.5518518686294556 0.22187499701976776 0.5518518686294556 0.22083333134651184 0.5537037253379822 0.21666666865348816 0.5537037253379822 0.21562500298023224 0.5555555820465088 0.21250000596046448 0.5555555820465088 0.21145834028720856 0.5574073791503906 0.2083333283662796 0.5574073791503906 0.21145834028720856 0.5629629492759705 0.21145834028720856 0.5648148059844971 0.21250000596046448 0.5666666626930237 0.21770833432674408 0.5666666626930237 0.21875 0.5648148059844971 0.22187499701976776 0.5648148059844971 0.22291666269302368 0.5629629492759705 0.22812500596046448 0.5629629492759705 0.2291666716337204 0.5611110925674438 0.23333333432674408 0.5611110925674438 0.234375 0.5592592358589172 0.23854166269302368 0.5592592358589172 0.23854166269302368 0.5574073791503906 0.2395833283662796 0.5555555820465088 0.24062499403953552 0.5555555820465088 0.24166665971279144 0.5537037253379822 0.24270834028720856 0.5537037253379822 0.24375000596046448 0.5518518686294556 0.2447916716337204 0.5518518686294556 0.24583333730697632 0.550000011920929 0.24687500298023224 0.550000011920929 0.24791666865348816 0.5481481552124023 0.25 0.5481481552124023
2 0.0 0.5425925850868225 0.0020833334419876337 0.5388888716697693 0.0031250000465661287 0.5388888716697693 0.004166666883975267 0.5370370149612427 0.0052083334885537624 0.5370370149612427 0.0062500000931322575 0.5351851582527161 0.008333333767950535 0.5351851582527161 0.00937500037252903 0.5333333611488342 0.010416666977107525 0.5333333611488342 0.01145833358168602 0.5314815044403076 0.010416666977107525 0.529629647731781 0.0020833334419876337 0.529629647731781 0.0010416667209938169 0.5277777910232544 0.0 0.5277777910232544
2 0.1875 0.5037037134170532 0.18645833432674408 0.5055555701255798 0.1875 0.5074074268341064 0.1875 0.5092592835426331 0.18958333134651184 0.5129629373550415 0.18958333134651184 0.5148147940635681 0.19374999403953552 0.5222222208976746 0.19374999403953552 0.5240740776062012 0.19687500596046448 0.529629647731781 0.19687500596046448 0.5314815044403076 0.20000000298023224 0.5370370149612427 0.20208333432674408 0.5333333611488342 0.20208333432674408 0.5314815044403076 0.20104166865348816 0.529629647731781 0.20000000298023224 0.529629647731781 0.19895833730697632 0.5277777910232544 0.19895833730697632 0.5259259343147278 0.20000000298023224 0.5240740776062012 0.20000000298023224 0.520370364189148 0.19895833730697632 0.520370364189148 0.1979166716337204 0.5185185074806213 0.203125 0.5092592835426331 0.20520833134651184 0.5092592835426331 0.20729166269302368 0.5055555701255798 0.20624999701976776 0.5055555701255798 0.20520833134651184 0.5037037134170532 0.1979166716337204 0.5037037134170532 0.19687500596046448 0.5018518567085266 0.19166666269302368 0.5018518567085266 0.19062499701976776 0.5037037134170532
2 0.8635416626930237 0.520370364189148 0.8604166507720947 0.5185185074806213 0.8552083373069763 0.5111111402511597 0.8520833253860474 0.5111111402511597 0.846875011920929 0.5018518567085266 0.846875011920929 0.4962962865829468 0.8458333611488342 0.4962962865829468 0.8427083492279053 0.49259260296821594 0.8385416865348816 0.49259260296821594 0.8374999761581421 0.49074074625968933 0.8354166746139526 0.49074074625968933 0.8322916626930237 0.4870370328426361 0.8302083611488342 0.4870370328426361 0.8291666507720947 0.4851851761341095 0.8270833492279053 0.4851851761341095 0.8260416388511658 0.4833333194255829 0.8218749761581421 0.4833333194255829 0.8208333253860474 0.4851851761341095 0.8166666626930237 0.4851851761341095 0.815625011920929 0.4870370328426361 0.8104166388511658 0.4870370328426361 0.809374988079071 0.4888888895511627 0.8020833134651184 0.4888888895511627 0.8010416626930237 0.49074074625968933 0.796875 0.49074074625968933 0.7958333492279053 0.49259260296821594 0.7927083373069763 0.49259260296821594 0.7916666865348816 0.49444442987442017 0.7875000238418579 0.49444442987442017 0.7864583134651184 0.4962962865829468 0.7833333611488342 0.4962962865829468 0.7822916507720947 0.4981481432914734 0.7770833373069763 0.4981481432914734 0.7760416865348816 0.5 0.768750011920929 0.5018518567085266 0.7677083611488342 0.5037037134170532 0.7645833492279053 0.5055555701255798 0.765625 0.5074074268341064 0.7645833492279053 0.5092592835426331 0.762499988079071 0.5092592835426331 0.765625 0.5092592835426331 0.7666666507720947 0.5111111402511597 0.7708333134651184 0.5111111402511597 0.7718750238418579 0.5092592835426331 0.7729166746139526 0.5092592835426331 0.7739583253860474 0.5111111402511597 0.7760416865348816 0.5111111402511597 0.7770833373069763 0.5129629373550415 0.7822916507720947 0.5129629373550415 0.7833333611488342 0.5148147940635681 0.7906249761581421 0.5148147940635681 0.7916666865348816 0.5129629373550415 0.7947916388511658 0.5129629373550415 0.7958333492279053 0.5111111402511597 0.796875 0.5111111402511597 0.7958333492279053 0.5092592835426331 0.796875 0.5074074268341064 0.8020833134651184 0.5074074268341064 0.8031250238418579 0.5092592835426331 0.8052083253860474 0.5092592835426331 0.8062499761581421 0.5074074268341064 0.8135416507720947 0.5074074268341064 0.8145833611488342 0.5055555701255798 0.8239583373069763 0.5055555701255798 0.824999988079071 0.5037037134170532 0.8333333134651184 0.5037037134170532 0.8343750238418579 0.5055555701255798 0.8395833373069763 0.5055555701255798 0.840624988079071 0.5074074268341064 0.84375 0.5074074268341064 0.8447916507720947 0.5092592835426331 0.846875011920929 0.5092592835426331 0.8500000238418579 0.5129629373550415 0.8531249761581421 0.5129629373550415 0.856249988079071 0.5166666507720947 0.8583333492279053 0.5166666507720947 0.859375 0.5185185074806213 0.859375 0.520370364189148
2 0.0 0.5240740776062012 0.0010416667209938169 0.5240740776062012 0.0020833334419876337 0.5222222208976746 0.0031250000465661287 0.5222222208976746 0.0062500000931322575 0.5185185074806213 0.008333333767950535 0.5185185074806213 0.01145833358168602 0.5148147940635681 0.01354166679084301 0.5148147940635681 0.014583333395421505 0.5129629373550415 0.015625 0.5129629373550415 0.01666666753590107 0.5111111402511597 0.01770833320915699 0.5111111402511597 0.02083333395421505 0.5074074268341064 0.02291666716337204 0.5074074268341064 0.02604166604578495 0.5037037134170532 0.02812499925494194 0.5037037134170532 0.03125 0.5 0.03333333507180214 0.5 0.0364583320915699 0.4962962865829468 0.03854166716337204 0.4962962865829468 0.03958333283662796 0.49444442987442017 0.04062499850988388 0.49444442987442017 0.0416666679084301 0.49259260296821594 0.04270833358168602 0.49259260296821594 0.04374999925494194 0.49074074625968933 0.04479166492819786 0.49074074625968933 0.04583333432674408 0.4888888895511627 0.046875 0.4888888895511627 0.04895833507180214 0.4851851761341095 0.05000000074505806 0.4851851761341095 0.04895833507180214 0.4851851761341095 0.04791666567325592 0.4870370328426361 0.04374999925494194 0.4870370328426361 0.04270833358168602 0.4888888895511627 0.04062499850988388 0.4888888895511627 0.03958333283662796 0.4870370328426361 0.03958333283662796 0.4851851761341095 0.0416666679084301 0.48148149251937866 0.04270833358168602 0.48148149251937866 0.0416666679084301 0.48148149251937866 0.04062499850988388 0.4833333194255829 0.03437500074505806 0.4833333194255829 0.03333333507180214 0.4851851761341095 0.02708333358168602 0.4851851761341095 0.02604166604578495 0.4833333194255829 0.02083333395421505 0.4833333194255829 0.01979166641831398 0.4851851761341095 0.01145833358168602 0.4851851761341095 0.010416666977107525 0.4833333194255829 0.0072916666977107525 0.4833333194255829 0.0062500000931322575 0.48148149251937866 0.0 0.48148149251937866
2 0.23645833134651184 0.4592592716217041 0.15000000596046448 0.4981481432914734 0.08229167014360428 0.5240740776062012 0.07083333283662796 0.5259259343147278 0.046875 0.5388888716697693 0.0 0.5574073791503906 0.0 0.6240741014480591 0.0677083358168602 0.5777778029441833 0.12291666865348816 0.5351851582527161 0.1458333283662796 0.5222222208976746 0.16249999403953552 0.5074074268341064
2 0.7458333373069763 0.4611110985279083 0.7458333373069763 0.4592592716217041 0.7427083253860474 0.4592592716217041 0.7416666746139526 0.4574074149131775 0.7385416626930237 0.4574074149131775 0.737500011920929 0.4555555582046509 0.7333333492279053 0.4555555582046509 0.734375 0.4555555582046509 0.7354166507720947 0.4574074149131775 0.734375 0.4592592716217041 0.7281249761581421 0.4592592716217041 0.7270833253860474 0.4574074149131775 0.7083333134651184 0.4574074149131775 0.7072916626930237 0.4592592716217041 0.7093750238418579 0.46296295523643494 0.7093750238418579 0.46481481194496155 0.7114583253860474 0.46851852536201477 0.7124999761581421 0.46851852536201477 0.7145833373069763 0.4722222089767456 0.715624988079071 0.4722222089767456 0.7177083492279053 0.47592592239379883 0.71875 0.47592592239379883 0.7197916507720947 0.47777777910232544 0.7208333611488342 0.47777777910232544 0.721875011920929 0.47962963581085205 0.7239583134651184 0.47962963581085205 0.7250000238418579 0.48148149251937866 0.7260416746139526 0.48148149251937866 0.7270833253860474 0.47962963581085205 0.734375 0.47962963581085205 0.7354166507720947 0.47777777910232544 0.7364583611488342 0.47962963581085205 0.7385416626930237 0.47962963581085205 0.7395833134651184 0.47777777910232544 0.7395833134651184 0.4740740656852722 0.737500011920929 0.4703703820705414 0.737500011920929 0.46666666865348816 0.7385416626930237 0.46481481194496155 0.7406250238418579 0.46481481194496155 0.7395833134651184 0.46296295523643494 0.7416666746139526 0.4592592716217041 0.7427083253860474 0.4592592716217041 0.7437499761581421 0.4611110985279083
2 0.0 0.46666666865348816 0.0031250000465661287 0.46666666865348816 0.0052083334885537624 0.46296295523643494 0.0072916666977107525 0.46296295523643494 0.008333333767950535 0.4611110985279083 0.00937500037252903 0.4611110985279083 0.00937500037252903 0.4592592716217041 0.010416666977107525 0.4574074149131775 0.01875000074505806 0.4574074149131775 0.01979166641831398 0.4555555582046509 0.02916666679084301 0.4555555582046509 0.02083333395421505 0.4555555582046509 0.01979166641831398 0.45370370149612427 0.02083333395421505 0.45185184478759766 0.02291666716337204 0.45185184478759766 0.02291666716337204 0.44999998807907104 0.02187499962747097 0.44999998807907104 0.02083333395421505 0.4481481611728668 0.014583333395421505 0.4481481611728668 0.01354166679084301 0.4462963044643402 0.010416666977107525 0.4462963044643402 0.00937500037252903 0.4481481611728668 0.0072916666977107525 0.4481481611728668 0.0062500000931322575 0.44999998807907104 0.004166666883975267 0.44999998807907104 0.0031250000465661287 0.45185184478759766 0.0020833334419876337 0.45185184478759766 0.0010416667209938169 0.45370370149612427 0.0 0.45370370149612427
2 0.4437499940395355 0.4333333373069763 0.4416666626930237 0.4333333373069763 0.44062501192092896 0.43518519401550293 0.4375 0.43518519401550293 0.4364583194255829 0.43703705072402954 0.43437498807907104 0.43703705072402954 0.4333333373069763 0.43888887763023376 0.43020832538604736 0.43888887763023376 0.42916667461395264 0.4407407343387604 0.42500001192092896 0.4407407343387604 0.42395833134651184 0.442592591047287 0.4208333194255829 0.442592591047287 0.41979166865348816 0.4444444477558136 0.41874998807907104 0.4444444477558136 0.4177083373069763 0.4462963044643402 0.4156250059604645 0.4462963044643402 0.41458332538604736 0.4481481611728668 0.4114583432674408 0.4481481611728668 0.4104166626930237 0.44999998807907104 0.4072916805744171 0.44999998807907104 0.4114583432674408 0.44999998807907104 0.4124999940395355 0.4481481611728668 0.4166666567325592 0.4481481611728668 0.4177083373069763 0.4462963044643402 0.42395833134651184 0.4462963044643402 0.42500001192092896 0.4444444477558136 0.43020832538604736 0.4444444477558136 0.4312500059604645 0.442592591047287 0.4333333373069763 0.442592591047287 0.43437498807907104 0.4407407343387604 0.4364583194255829 0.4407407343387604 0.4385416805744171 0.43703705072402954 0.43958333134651184 0.43703705072402954 0.44062501192092896 0.43518519401550293 0.4416666626930237 0.43518519401550293 0.4427083432674408 0.4333333373069763
2 0.6333333253860474 0.4314814805984497 0.6333333253860474 0.4444444477558136 0.6354166865348816 0.4444444477558136 0.6364583373069763 0.442592591047287 0.6427083611488342 0.442592591047287 0.643750011920929 0.4444444477558136 0.6447916626930237 0.4444444477558136 0.6458333134651184 0.4462963044643402 0.6468750238418579 0.4462963044643402 0.6489583253860474 0.44999998807907104 0.6499999761581421 0.44999998807907104 0.6510416865348816 0.45185184478759766 0.6510416865348816 0.45370370149612427 0.653124988079071 0.45370370149612427 0.6541666388511658 0.4555555582046509 0.6552083492279053 0.4555555582046509 0.65625 0.4574074149131775 0.6635416746139526 0.4574074149131775 0.6656249761581421 0.45370370149612427 0.6656249761581421 0.45185184478759766 0.6645833253860474 0.45185184478759766 0.6635416746139526 0.44999998807907104 0.6614583134651184 0.44999998807907104 0.6604166626930237 0.4481481611728668 0.65625 0.4481481611728668 0.6552083492279053 0.4462963044643402 0.653124988079071 0.4462963044643402 0.6510416865348816 0.442592591047287 0.6520833373069763 0.4407407343387604 0.65625 0.4407407343387604 0.65625 0.43888887763023376 0.6552083492279053 0.43888887763023376 0.653124988079071 0.43518519401550293 0.643750011920929 0.43518519401550293 0.6427083611488342 0.4333333373069763 0.640625 0.4333333373069763 0.6395833492279053 0.4314814805984497
2 0.6260416507720947 0.42407408356666565 0.625 0.42222222685813904 0.625 0.4203703701496124 0.6177083253860474 0.4203703701496124 0.6166666746139526 0.42222222685813904 0.6135416626930237 0.42222222685813904 0.612500011920929 0.42407408356666565 0.6072916388511658 0.42407408356666565 0.6041666865348816 0.4277777671813965 0.596875011920929 0.4277777671813965 0.5958333611488342 0.4296296238899231 0.5947916507720947 0.4296296238899231 0.59375 0.4277777671813965 0.5874999761581421 0.4277777671813965 0.5864583253860474 0.42592594027519226 0.5854166746139526 0.4277777671813965 0.581250011920929 0.4277777671813965 0.578125 0.4314814805984497 0.5739583373069763 0.4314814805984497 0.5729166865348816 0.4333333373069763 0.5677083134651184 0.4333333373069763 0.5666666626930237 0.43518519401550293 0.5625 0.43518519401550293 0.5635416507720947 0.43703705072402954 0.5625 0.43888887763023376 0.5614583492279053 0.43888887763023376 0.5625 0.43888887763023376 0.5635416507720947 0.4407407343387604 0.565625011920929 0.4407407343387604 0.5666666626930237 0.442592591047287 0.5697916746139526 0.442592591047287 0.5708333253860474 0.4444444477558136 0.5718749761581421 0.4444444477558136 0.5729166865348816 0.442592591047287 0.574999988079071 0.442592591047287 0.5760416388511658 0.4407407343387604 0.5833333134651184 0.4407407343387604 0.5843750238418579 0.43888887763023376 0.5854166746139526 0.43888887763023376 0.5833333134651184 0.43888887763023376 0.5822916626930237 0.43703705072402954 0.5833333134651184 0.43518519401550293 0.5885416865348816 0.43518519401550293 0.5895833373069763 0.4333333373069763 0.5916666388511658 0.4333333373069763 0.5927083492279053 0.4314814805984497 0.59375 0.4314814805984497 0.5947916507720947 0.4333333373069763 0.6052083373069763 0.4333333373069763 0.606249988079071 0.4314814805984497 0.6083333492279053 0.4314814805984497 0.609375 0.4296296238899231 0.6114583611488342 0.4296296238899231 0.612500011920929 0.4277777671813965 0.6135416626930237 0.4277777671813965 0.6145833134651184 0.42592594027519226 0.6166666746139526 0.42592594027519226 0.6177083253860474 0.42407408356666565 0.6197916865348816 0.4277777671813965 0.6208333373069763 0.42592594027519226 0.6229166388511658 0.42592594027519226 0.6239583492279053 0.42407408356666565
2 0.22291666269302368 0.40740740299224854 0.22187499701976776 0.4055555462837219 0.20000000298023224 0.4055555462837219 0.19895833730697632 0.40740740299224854 0.19374999403953552 0.40740740299224854 0.1927083283662796 0.40925925970077515 0.1875 0.40925925970077515 0.18645833432674408 0.41111111640930176 0.18020834028720856 0.41111111640930176 0.17916665971279144 0.41296297311782837 0.1770833283662796 0.41296297311782837 0.17604166269302368 0.4148148000240326 0.17291666567325592 0.4148148000240326 0.171875 0.4166666567325592 0.17083333432674408 0.4166666567325592 0.18541666865348816 0.4166666567325592 0.18645833432674408 0.4148148000240326 0.18854166567325592 0.4148148000240326 0.18958333134651184 0.41296297311782837 0.19062499701976776 0.41296297311782837 0.19166666269302368 0.41111111640930176 0.19687500596046448 0.41111111640930176 0.1979166716337204 0.41296297311782837 0.20208333432674408 0.41296297311782837 0.203125 0.41111111640930176 0.20520833134651184 0.41111111640930176 0.20624999701976776 0.40925925970077515 0.21875 0.40925925970077515 0.21979166567325592 0.40740740299224854
2 0.7229166626930237 0.39814814925193787 0.7229166626930237 0.4000000059604645 0.7239583134651184 0.4018518626689911 0.7291666865348816 0.4018518626689911 0.7302083373069763 0.4037036895751953 0.731249988079071 0.4037036895751953 0.7322916388511658 0.4055555462837219 0.734375 0.4055555462837219 0.7354166507720947 0.40740740299224854 0.7437499761581421 0.40740740299224854 0.7447916865348816 0.40925925970077515 0.7437499761581421 0.41111111640930176 0.7416666746139526 0.41111111640930176 0.7427083253860474 0.41296297311782837 0.7479166388511658 0.41296297311782837 0.7489583492279053 0.4148148000240326 0.7593749761581421 0.4148148000240326 0.7604166865348816 0.4166666567325592 0.762499988079071 0.4166666567325592 0.7635416388511658 0.4185185134410858 0.765625 0.4185185134410858 0.7666666507720947 0.4203703701496124 0.7677083611488342 0.4203703701496124 0.7718750238418579 0.4277777671813965 0.7708333134651184 0.4296296238899231 0.7729166746139526 0.4333333373069763 0.7739583253860474 0.4333333373069763 0.7749999761581421 0.43518519401550293 0.7802083492279053 0.43518519401550293 0.78125 0.4333333373069763 0.7822916507720947 0.4333333373069763 0.7833333611488342 0.43518519401550293 0.7906249761581421 0.43518519401550293 0.7916666865348816 0.4333333373069763 0.793749988079071 0.4333333373069763 0.7916666865348816 0.4296296238899231 0.7906249761581421 0.4296296238899231 0.7885416746139526 0.42592594027519226 0.7875000238418579 0.42592594027519226 0.7854166626930237 0.42222222685813904 0.784375011920929 0.42222222685813904 0.7822916507720947 0.4185185134410858 0.78125 0.4185185134410858 0.7802083492279053 0.4166666567325592 0.78125 0.4148148000240326 0.778124988079071 0.4148148000240326 0.7770833373069763 0.41296297311782837 0.7770833373069763 0.41111111640930176 0.7802083492279053 0.40740740299224854 0.7760416865348816 0.40740740299224854 0.7749999761581421 0.4055555462837219 0.7749999761581421 0.4037036895751953 0.7729166746139526 0.4037036895751953 0.7718750238418579 0.4055555462837219 0.7708333134651184 0.4055555462837219 0.7697916626930237 0.4037036895751953 0.7666666507720947 0.4037036895751953 0.765625 0.4018518626689911 0.7572916746139526 0.4018518626689911 0.7562500238418579 0.4037036895751953 0.7458333373069763 0.4037036895751953 0.7447916865348816 0.4018518626689911 0.7406250238418579 0.4018518626689911 0.7395833134651184 0.4000000059604645 0.7302083373069763 0.4000000059604645 0.7291666865348816 0.39814814925193787
2 0.6583333611488342 0.4000000059604645 0.6583333611488342 0.4018518626689911 0.6614583134651184 0.4018518626689911 0.6625000238418579 0.4037036895751953 0.6666666865348816 0.4037036895751953 0.6677083373069763 0.4055555462837219 0.6708333492279053 0.4055555462837219 0.671875 0.40740740299224854 0.6708333492279053 0.40925925970077515 0.6697916388511658 0.40925925970077515 0.6739583611488342 0.40925925970077515 0.675000011920929 0.41111111640930176 0.6812499761581421 0.41111111640930176 0.6822916865348816 0.41296297311782837 0.6854166388511658 0.41296297311782837 0.6875 0.4166666567325592 0.6885416507720947 0.4166666567325592 0.6895833611488342 0.4185185134410858 0.6937500238418579 0.4185185134410858 0.6947916746139526 0.4203703701496124 0.6958333253860474 0.4185185134410858 0.6968749761581421 0.4185185134410858 0.6979166865348816 0.4203703701496124 0.7010416388511658 0.4203703701496124 0.7020833492279053 0.4185185134410858 0.7052083611488342 0.4185185134410858 0.7041666507720947 0.4185185134410858 0.703125 0.4166666567325592 0.7020833492279053 0.4166666567325592 0.7010416388511658 0.4148148000240326 0.7010416388511658 0.41296297311782837 0.6979166865348816 0.41296297311782837 0.6968749761581421 0.41111111640930176 0.6958333253860474 0.41111111640930176 0.6947916746139526 0.40925925970077515 0.6937500238418579 0.40925925970077515 0.6927083134651184 0.40740740299224854 0.6937500238418579 0.4055555462837219 0.6958333253860474 0.4055555462837219 0.6968749761581421 0.40740740299224854 0.6979166865348816 0.40740740299224854 0.6989583373069763 0.4055555462837219 0.703125 0.4055555462837219 0.7041666507720947 0.4037036895751953 0.7052083611488342 0.4055555462837219 0.7083333134651184 0.4055555462837219 0.7093750238418579 0.4037036895751953 0.7104166746139526 0.4037036895751953 0.6968749761581421 0.4037036895751953 0.6958333253860474 0.4055555462837219 0.6937500238418579 0.4055555462837219 0.6927083134651184 0.4037036895751953 0.6875 0.4037036895751953 0.684374988079071 0.4000000059604645 0.6645833253860474 0.4000000059604645 0.6635416746139526 0.39814814925193787 0.6614583134651184 0.39814814925193787 0.6604166626930237 0.4000000059604645
2 0.0 0.4000000059604645 0.0062500000931322575 0.4000000059604645 0.0072916666977107525 0.39814814925193787 0.00937500037252903 0.39814814925193787 0.01145833358168602 0.39444443583488464 0.01354166679084301 0.39444443583488464 0.014583333395421505 0.39259257912635803 0.01666666753590107 0.39259257912635803 0.015625 0.3907407522201538 0.01145833358168602 0.3907407522201538 0.010416666977107525 0.3888888955116272 0.004166666883975267 0.3888888955116272 0.0031250000465661287 0.3907407522201538 0.0 0.3907407522201538
2 0.5 0.37962964177131653 0.4937500059604645 0.37962964177131653 0.49270832538604736 0.38148146867752075 0.47708332538604736 0.38148146867752075 0.47604167461395264 0.38333332538604736 0.47187501192092896 0.38333332538604736 0.49166667461395264 0.38333332538604736 0.49270832538604736 0.38148146867752075 0.5 0.38148146867752075
2 0.4697916805744171 0.38333332538604736 0.46562498807907104 0.38148146867752075 0.4645833373069763 0.37962964177131653 0.46041667461395264 0.37962964177131653 0.4593749940395355 0.3777777850627899 0.4572916626930237 0.37962964177131653 0.45520833134651184 0.3777777850627899 0.4520833194255829 0.3777777850627899 0.45104166865348816 0.37962964177131653 0.4479166567325592 0.37962964177131653 0.4468750059604645 0.38148146867752075 0.4437499940395355 0.38148146867752075 0.4427083432674408 0.38333332538604736 0.43958333134651184 0.38333332538604736 0.4385416805744171 0.385185182094574 0.43541666865348816 0.385185182094574 0.43437498807907104 0.3870370388031006 0.4312500059604645 0.3870370388031006 0.43020832538604736 0.3888888955116272 0.4260416626930237 0.3888888955116272 0.42500001192092896 0.3907407522201538 0.421875 0.3907407522201538 0.4208333194255829 0.39259257912635803 0.4177083373069763 0.39259257912635803 0.4166666567325592 0.39444443583488464 0.41354167461395264 0.39444443583488464 0.4124999940395355 0.39629629254341125 0.40833333134651184 0.39629629254341125 0.4072916805744171 0.39814814925193787 0.40312498807907104 0.39814814925193787 0.4020833373069763 0.4000000059604645 0.39791667461395264 0.4000000059604645 0.3968749940395355 0.4018518626689911 0.39270833134651184 0.4018518626689911 0.3916666805744171 0.4037036895751953 0.3854166567325592 0.4037036895751953 0.3843750059604645 0.4055555462837219 0.3812499940395355 0.4055555462837219 0.37708333134651184 0.40925925970077515 0.37187498807907104 0.40925925970077515 0.3708333373069763 0.41111111640930176 0.36770832538604736 0.41111111640930176 0.36666667461395264 0.41296297311782837 0.36250001192092896 0.41296297311782837 0.3583333194255829 0.4166666567325592 0.3531250059604645 0.4166666567325592 0.35208332538604736 0.4185185134410858 0.34375 0.4203703701496124 0.34687501192092896 0.4203703701496124 0.3479166626930237 0.4185185134410858 0.3499999940395355 0.4203703701496124 0.35104167461395264 0.4185185134410858 0.35624998807907104 0.4185185134410858 0.35729166865348816 0.4166666567325592 0.3739583194255829 0.4166666567325592 0.375 0.4148148000240326 0.3812499940395355 0.4148148000240326 0.38229167461395264 0.41296297311782837 0.38749998807907104 0.41296297311782837 0.38854166865348816 0.41111111640930176 0.39270833134651184 0.41111111640930176 0.39375001192092896 0.40925925970077515 0.39895832538604736 0.40925925970077515 0.4000000059604645 0.40740740299224854 0.40625 0.40740740299224854 0.4072916805744171 0.4055555462837219 0.4114583432674408 0.4055555462837219 0.41874998807907104 0.39814814925193787 0.4208333194255829 0.39814814925193787 0.42500001192092896 0.39444443583488464 0.4468750059604645 0.39444443583488464 0.45520833134651184 0.3870370388031006
2 0.4468750059604645 0.364814817905426 0.44583332538604736 0.364814817905426 0.44479167461395264 0.3629629611968994 0.42395833134651184 0.3629629611968994 0.4229166805744171 0.364814817905426 0.41354167461395264 0.364814817905426 0.4124999940395355 0.36666667461395264 0.40625 0.36666667461395264 0.4052083194255829 0.36851853132247925 0.39270833134651184 0.36851853132247925 0.3916666805744171 0.37037035822868347 0.3687500059604645 0.37037035822868347 0.36770832538604736 0.3722222149372101 0.3541666567325592 0.3722222149372101 0.35729166865348816 0.3722222149372101 0.3583333194255829 0.3740740716457367 0.3604166805744171 0.3740740716457367 0.36145833134651184 0.3759259283542633 0.3635416626930237 0.3759259283542633 0.3645833432674408 0.3740740716457367 0.3739583194255829 0.3740740716457367 0.375 0.3759259283542633 0.3812499940395355 0.3759259283542633 0.38333332538604736 0.37962964177131653 0.3843750059604645 0.37962964177131653 0.3854166567325592 0.3777777850627899 0.3864583373069763 0.3777777850627899 0.3895833194255829 0.3740740716457367 0.3916666805744171 0.3740740716457367 0.39270833134651184 0.3722222149372101 0.41458332538604736 0.3722222149372101 0.4156250059604645 0.37037035822868347 0.4177083373069763 0.37037035822868347 0.41874998807907104 0.36851853132247925 0.41979166865348816 0.36851853132247925 0.4208333194255829 0.36666667461395264 0.4229166805744171 0.36666667461395264 0.42395833134651184 0.364814817905426 0.4312500059604645 0.364814817905426 0.4322916567325592 0.3629629611968994 0.44479167461395264 0.3629629611968994 0.44583332538604736 0.364814817905426
2 0.05416666716337204 0.35185185074806213 0.05312500149011612 0.35185185074806213 0.0520833320915699 0.3499999940395355 0.04583333432674408 0.3499999940395355 0.04479166492819786 0.35185185074806213 0.03541666641831398 0.35185185074806213 0.03437500074505806 0.35370370745658875 0.02916666679084301 0.35370370745658875 0.02812499925494194 0.35555556416511536 0.02395833283662796 0.35555556416511536 0.02291666716337204 0.35740742087364197 0.01979166641831398 0.35740742087364197 0.01979166641831398 0.3592592477798462 0.02083333395421505 0.35740742087364197 0.02812499925494194 0.35740742087364197 0.02916666679084301 0.35555556416511536 0.0364583320915699 0.35555556416511536 0.03750000149011612 0.35370370745658875 0.03958333283662796 0.35370370745658875 0.04062499850988388 0.35185185074806213
2 0.359375 0.4481481611728668 0.44062501192092896 0.4185185134410858 0.46041667461395264 0.4444444477558136 0.40937501192092896 0.4722222089767456 0.43437498807907104 0.4833333194255829 0.515625 0.4185185134410858 0.684374988079071 0.35370370745658875 0.7875000238418579 0.39259257912635803 0.8239583373069763 0.3759259283542633 0.8833333253860474 0.41111111640930176 0.8208333253860474 0.4037036895751953 0.8791666626930237 0.4574074149131775 0.856249988079071 0.4703703820705414 0.8166666626930237 0.4444444477558136 0.8635416626930237 0.47962963581085205 0.8770833611488342 0.5333333611488342 0.8645833134651184 0.5407407283782959 0.9322916865348816 0.5481481552124023 0.8999999761581421 0.5611110925674438 0.9364583492279053 0.5796296000480652 0.96875 0.5592592358589172 0.9947916865348816 0.5703703761100769 0.9479166865348816 0.6296296119689941 0.8927083611488342 0.5962963104248047 0.9041666388511658 0.6555555462837219 0.8635416626930237 0.6222222447395325 0.8697916865348816 0.5870370268821716 0.7770833373069763 0.5574073791503906 0.7645833492279053 0.6796296238899231 0.7770833373069763 0.7111111283302307 0.8270833492279053 0.6962962746620178 0.9427083134651184 0.8129629492759705 0.9666666388511658 0.7833333611488342 0.9645833373069763 0.8407407402992249 0.9156249761581421 0.8129629492759705 0.9041666388511658 0.9055555462837219 0.9770833253860474 0.9981481432914734 0.9989583492279053 0.9981481432914734 0.9989583492279053 0.4870370328426361 0.925000011920929 0.4740740656852722 0.9989583492279053 0.46481481194496155 0.9322916865348816 0.4296296238899231 0.996874988079071 0.42407408356666565 0.6864583492279053 0.3333333432674408 0.6187499761581421 0.3351851999759674 0.6677083373069763 0.3499999940395355 0.6052083373069763 0.34074074029922485 0.4749999940395355 0.4166666567325592 0.48645833134651184 0.4000000059604645 0.4333333373069763 0.40740740299224854
2 0.559374988079071 0.3333333432674408 0.559374988079071 0.3351851999759674 0.5635416507720947 0.3351851999759674 0.5645833611488342 0.3333333432674408 0.5666666626930237 0.3333333432674408 0.5677083134651184 0.3351851999759674 0.5739583373069763 0.3351851999759674 0.574999988079071 0.33703702688217163 0.5802083611488342 0.33703702688217163 0.581250011920929 0.3351851999759674 0.5833333134651184 0.3351851999759674 0.5843750238418579 0.33703702688217163 0.590624988079071 0.33703702688217163 0.5843750238418579 0.33703702688217163 0.5822916626930237 0.3333333432674408
2 0.9072916507720947 0.3611111044883728 0.9302083253860474 0.364814817905426 0.9322916865348816 0.36851853132247925 0.9312499761581421 0.37037035822868347 0.9364583492279053 0.3759259283542633 0.9239583611488342 0.38333332538604736 0.9114583134651184 0.385185182094574 0.9145833253860474 0.3870370388031006 0.9208333492279053 0.3870370388031006 0.9239583611488342 0.38333332538604736 0.9447916746139526 0.385185182094574 0.9489583373069763 0.38148146867752075 0.9593750238418579 0.385185182094574 0.9604166746139526 0.38333332538604736 0.9614583253860474 0.385185182094574 0.9697916507720947 0.38333332538604736 0.981249988079071 0.385185182094574 0.9791666865348816 0.37962964177131653 0.9708333611488342 0.3740740716457367 0.9729166626930237 0.3722222149372101 0.971875011920929 0.37037035822868347 0.9729166626930237 0.36851853132247925 0.9989583492279053 0.3722222149372101 0.9864583611488342 0.36851853132247925 0.987500011920929 0.364814817905426 0.9989583492279053 0.3592592477798462 0.9895833134651184 0.35740742087364197 0.9833333492279053 0.35185185074806213 0.9739583134651184 0.35185185074806213 0.9708333611488342 0.3481481373310089 0.971875011920929 0.3462963104248047 0.9989583492279053 0.3481481373310089 0.9989583492279053 0.3444444537162781 0.9614583253860474 0.33888888359069824 0.9541666507720947 0.3351851999759674 0.9468749761581421 0.3351851999759674 0.9458333253860474 0.3333333432674408 0.9468749761581421 0.3314814865589142 0.9447916746139526 0.3314814865589142 0.9510416388511658 0.33888888359069824 0.9541666507720947 0.33703702688217163 0.9552083611488342 0.33888888359069824 0.953125 0.34074074029922485 0.9583333134651184 0.3444444537162781 0.9593750238418579 0.35185185074806213 0.987500011920929 0.35555556416511536 0.9885416626930237 0.35740742087364197 0.987500011920929 0.3611111044883728 0.9791666865348816 0.3611111044883728 0.9750000238418579 0.35740742087364197 0.956250011920929 0.35740742087364197 0.953125 0.3611111044883728 0.956250011920929 0.3629629611968994 0.9552083611488342 0.364814817905426
2 0.328125 0.3314814865589142 0.2770833373069763 0.3351851999759674 0.27812498807907104 0.3296296298503876 0.24375000596046448 0.3296296298503876 0.24791666865348816 0.3351851999759674 0.23020833730697632 0.3351851999759674 0.21250000596046448 0.3462963104248047 0.19687500596046448 0.34074074029922485 0.21666666865348816 0.33703702688217163 0.19166666269302368 0.34074074029922485 0.19062499701976776 0.3481481373310089 0.17604166269302368 0.3481481373310089 0.18333333730697632 0.35185185074806213 0.19583334028720856 0.3444444537162781 0.21458333730697632 0.3499999940395355 0.2291666716337204 0.34074074029922485 0.2562499940395355 0.3444444537162781 0.234375 0.3611111044883728 0.203125 0.35740742087364197 0.21250000596046448 0.3611111044883728 0.20520833134651184 0.37037035822868347 0.16979166865348816 0.3629629611968994 0.18020834028720856 0.3722222149372101 0.12708333134651184 0.37962964177131653 0.13958333432674408 0.38148146867752075 0.12916666269302368 0.385185182094574 0.12916666269302368 0.3907407522201538 0.11145833134651184 0.3870370388031006 0.109375 0.37962964177131653 0.0416666679084301 0.3888888955116272 0.04791666567325592 0.39259257912635803 0.03750000149011612 0.39444443583488464 0.06041666492819786 0.39259257912635803 0.04895833507180214 0.3907407522201538 0.06875000149011612 0.3870370388031006 0.06666667014360428 0.39444443583488464 0.03229166567325592 0.4055555462837219 0.15000000596046448 0.4000000059604645 0.13124999403953552 0.3907407522201538 0.16770833730697632 0.3888888955116272 0.15937499701976776 0.3888888955116272 0.1666666716337204 0.38148146867752075 0.16354165971279144 0.3777777850627899 0.22499999403953552 0.385185182094574 0.22083333134651184 0.3907407522201538 0.2562499940395355 0.3870370388031006 0.25312501192092896 0.39629629254341125 0.3291666805744171 0.3777777850627899 0.27812498807907104 0.3777777850627899 0.2750000059604645 0.3740740716457367 0.2770833373069763 0.36666667461395264 0.2708333432674408 0.3629629611968994 0.2770833373069763 0.35370370745658875 0.27291667461395264 0.3462963104248047 0.28333333134651184 0.3333333432674408
2 0.7124999761581421 0.32777777314186096 0.7145833373069763 0.32777777314186096 0.715624988079071 0.3296296298503876 0.7145833373069763 0.3314814865589142 0.7260416746139526 0.3314814865589142 0.7270833253860474 0.3333333432674408 0.7416666746139526 0.3333333432674408 0.7427083253860474 0.3351851999759674 0.75 0.3351851999759674 0.7510416507720947 0.33703702688217163 0.762499988079071 0.33703702688217163 0.7635416388511658 0.3351851999759674 0.7666666507720947 0.3351851999759674 0.7604166865348816 0.3351851999759674 0.7593749761581421 0.3333333432674408 0.753125011920929 0.3333333432674408 0.7520833611488342 0.3314814865589142 0.7416666746139526 0.3314814865589142 0.7406250238418579 0.3296296298503876 0.7260416746139526 0.3296296298503876 0.7250000238418579 0.32777777314186096
2 0.9989583492279053 0.3203703761100769 0.9958333373069763 0.3203703761100769 0.9947916865348816 0.3222222328186035 0.9833333492279053 0.3222222328186035 0.9822916388511658 0.32407405972480774 0.9770833253860474 0.32407405972480774 0.9760416746139526 0.32592591643333435 0.96875 0.32592591643333435 0.9677083492279053 0.32777777314186096 0.9802083373069763 0.32777777314186096 0.981249988079071 0.3296296298503876 0.9989583492279053 0.3296296298503876
2 0.36770832538604736 0.3185185194015503 0.3916666805744171 0.3166666626930237 0.3947916626930237 0.3222222328186035 0.4010416567325592 0.32407405972480774 0.39791667461395264 0.32777777314186096 0.39270833134651184 0.32777777314186096 0.3958333432674408 0.32777777314186096 0.39791667461395264 0.3314814865589142 0.41354167461395264 0.3333333432674408 0.4312500059604645 0.35555556416511536 0.4385416805744171 0.35185185074806213 0.44999998807907104 0.35185185074806213 0.46666666865348816 0.3444444537162781 0.5104166865348816 0.3462963104248047 0.5249999761581421 0.34074074029922485 0.5333333611488342 0.34074074029922485 0.5406249761581421 0.33703702688217163 0.53125 0.33703702688217163 0.5302083492279053 0.3351851999759674 0.53125 0.3314814865589142 0.5406249761581421 0.3333333432674408 0.5333333611488342 0.32777777314186096 0.5229166746139526 0.32592591643333435 0.543749988079071 0.3203703761100769 0.5395833253860474 0.3166666626930237 0.5218750238418579 0.3203703761100769 0.5104166865348816 0.3185185194015503 0.5093749761581421 0.3203703761100769 0.484375 0.3203703761100769 0.47083333134651184 0.32407405972480774 0.4479166567325592 0.32407405972480774 0.4468750059604645 0.3222222328186035 0.4479166567325592 0.3203703761100769 0.4572916626930237 0.3203703761100769 0.4572916626930237 0.3185185194015503 0.4427083432674408 0.31111112236976624 0.4208333194255829 0.31111112236976624 0.4166666567325592 0.31481480598449707 0.3947916626930237 0.31296294927597046 0.38749998807907104 0.3166666626930237
2 0.5729166865348816 0.31296294927597046 0.5822916626930237 0.31481480598449707 0.5822916626930237 0.3185185194015503 0.5760416388511658 0.3185185194015503 0.5843750238418579 0.3166666626930237 0.5864583253860474 0.3203703761100769 0.596875011920929 0.3185185194015503 0.5885416865348816 0.3166666626930237 0.5979166626930237 0.31296294927597046 0.6000000238418579 0.3166666626930237 0.6041666865348816 0.31296294927597046 0.6145833134651184 0.31296294927597046 0.6343749761581421 0.3185185194015503 0.6583333611488342 0.3166666626930237 0.6645833253860474 0.31111112236976624 0.6770833134651184 0.31481480598449707 0.6791666746139526 0.31296294927597046 0.6708333492279053 0.31111112236976624 0.6781250238418579 0.307407408952713 0.6927083134651184 0.3166666626930237 0.6937500238418579 0.31296294927597046 0.6989583373069763 0.31111112236976624 0.7354166507720947 0.31296294927597046 0.7697916626930237 0.3203703761100769 0.8395833373069763 0.3185185194015503 0.8500000238418579 0.3222222328186035 0.871874988079071 0.3222222328186035 0.7906249761581421 0.31111112236976624 0.7552083134651184 0.31296294927597046 0.7406250238418579 0.307407408952713 0.7197916507720947 0.3055555522441864
3 0.9989583492279053 0.3611111044883728 0.9979166388511658 0.3611111044883728 0.996874988079071 0.3629629611968994 0.9937499761581421 0.3629629611968994 0.9927083253860474 0.364814817905426 0.9906250238418579 0.364814817905426 0.9895833134651184 0.36666667461395264 0.987500011920929 0.36666667461395264 0.987500011920929 0.36851853132247925 0.9947916865348816 0.36851853132247925 0.9958333373069763 0.37037035822868347 0.9989583492279053 0.37037035822868347
3 0.24791666865348816 0.3499999940395355 0.24687500298023224 0.3462963104248047 0.24166665971279144 0.34259259700775146 0.2395833283662796 0.34259259700775146 0.23854166269302368 0.3444444537162781 0.23645833134651184 0.3444444537162781 0.23541666567325592 0.34259259700775146 0.22083333134651184 0.3444444537162781 0.21979166567325592 0.3462963104248047 0.21770833432674408 0.3462963104248047 0.21458333730697632 0.35185185074806213 0.21250000596046448 0.35185185074806213 0.20937499403953552 0.3481481373310089 0.19895833730697632 0.3481481373310089 0.1979166716337204 0.3462963104248047 0.19583334028720856 0.3462963104248047 0.19166666269302368 0.35185185074806213 0.1927083283662796 0.35555556416511536 0.19166666269302368 0.35740742087364197 0.18541666865348816 0.35740742087364197 0.18020834028720856 0.3499999940395355 0.16979166865348816 0.3499999940395355 0.16875000298023224 0.35185185074806213 0.1614583283662796 0.35185185074806213 0.16041666269302368 0.35370370745658875 0.15937499701976776 0.35185185074806213 0.15312500298023224 0.35185185074806213 0.15208333730697632 0.35370370745658875 0.13854166865348816 0.35370370745658875 0.13750000298023224 0.35555556416511536 0.13124999403953552 0.35740742087364197 0.12812499701976776 0.3611111044883728 0.125 0.3611111044883728 0.125 0.364814817905426 0.12708333134651184 0.36851853132247925 0.13124999403953552 0.36851853132247925 0.13229165971279144 0.36666667461395264 0.13645833730697632 0.36666667461395264 0.13750000298023224 0.364814817905426 0.14270833134651184 0.364814817905426 0.14374999701976776 0.36666667461395264 0.14166666567325592 0.36851853132247925 0.14166666567325592 0.3722222149372101 0.14895834028720856 0.3740740716457367 0.15000000596046448 0.3759259283542633 0.1510416716337204 0.3740740716457367 0.15833333134651184 0.3740740716457367 0.1614583283662796 0.37037035822868347 0.16875000298023224 0.37037035822868347 0.17083333432674408 0.36851853132247925 0.17083333432674408 0.364814817905426 0.16875000298023224 0.364814817905426 0.16770833730697632 0.3629629611968994 0.16875000298023224 0.3611111044883728 0.1822916716337204 0.3629629611968994 0.18333333730697632 0.364814817905426 0.18333333730697632 0.36851853132247925 0.20520833134651184 0.36851853132247925 0.20624999701976776 0.36666667461395264 0.20937499403953552 0.36666667461395264 0.21145834028720856 0.3611111044883728 0.21041665971279144 0.3592592477798462 0.203125 0.3592592477798462 0.20208333432674408 0.35740742087364197 0.203125 0.35555556416511536 0.21145834028720856 0.35555556416511536 0.21458333730697632 0.3592592477798462 0.234375 0.3592592477798462 0.23854166269302368 0.35555556416511536 0.2395833283662796 0.35185185074806213
3 0.903124988079071 0.35555556416511536 0.9041666388511658 0.35555556416511536 0.90625 0.3592592477798462 0.909375011920929 0.3592592477798462 0.9104166626930237 0.3611111044883728 0.9520833492279053 0.3611111044883728 0.9541666507720947 0.35740742087364197 0.9552083611488342 0.35740742087364197 0.9572916626930237 0.35370370745658875 0.9583333134651184 0.35370370745658875 0.9583333134651184 0.3462963104248047 0.9572916626930237 0.3462963104248047 0.9552083611488342 0.34259259700775146 0.953125 0.34259259700775146 0.9520833492279053 0.34074074029922485 0.9510416388511658 0.34074074029922485 0.9489583373069763 0.33703702688217163 0.9468749761581421 0.33703702688217163 0.9458333253860474 0.3351851999759674 0.9447916746139526 0.3351851999759674 0.9437500238418579 0.3333333432674408 0.9385416507720947 0.3333333432674408 0.9375 0.3314814865589142 0.934374988079071 0.3314814865589142 0.9333333373069763 0.3296296298503876 0.9302083253860474 0.3296296298503876 0.9291666746139526 0.32777777314186096 0.9239583611488342 0.32777777314186096 0.9229166507720947 0.3296296298503876 0.9197916388511658 0.3296296298503876 0.918749988079071 0.3314814865589142 0.9177083373069763 0.3314814865589142 0.9156249761581421 0.3351851999759674 0.9145833253860474 0.3351851999759674 0.9135416746139526 0.33703702688217163 0.9125000238418579 0.33703702688217163 0.9104166626930237 0.34074074029922485 0.909375011920929 0.34074074029922485 0.9072916507720947 0.3444444537162781 0.90625 0.3444444537162781 0.9052083492279053 0.3462963104248047 0.9052083492279053 0.3481481373310089 0.9104166626930237 0.3481481373310089 0.9114583134651184 0.3499999940395355 0.9104166626930237 0.35185185074806213 0.9041666388511658 0.35185185074806213 0.903124988079071 0.35370370745658875
4 0.5895833373069763 0.32592591643333435 0.6468750238418579 0.32592591643333435 0.6458333134651184 0.32592591643333435 0.6447916626930237 0.32407405972480774 0.6343749761581421 0.32407405972480774 0.6333333253860474 0.3222222328186035 0.6322916746139526 0.32407405972480774 0.621874988079071 0.32407405972480774 0.6208333373069763 0.3222222328186035 0.6177083253860474 0.3222222328186035 0.6166666746139526 0.32407405972480774 0.6000000238418579 0.32407405972480774 0.5989583134651184 0.32592591643333435
