0 0.6104166507720947 0.9537037014961243 0.609375 0.9537037014961243 0.6072916388511658 0.9574074149131775 0.6052083373069763 0.9574074149131775 0.6031249761581421 0.9611111283302307 0.6020833253860474 0.9592592716217041 0.6000000238418579 0.9592592716217041 0.5989583134651184 0.9574074149131775 0.5979166626930237 0.9574074149131775 0.596875011920929 0.9555555582046509 0.5958333611488342 0.9555555582046509 0.5947916507720947 0.9537037014961243 0.5916666388511658 0.9537037014961243 0.590624988079071 0.9518518447875977 0.5895833373069763 0.9518518447875977 0.5864583253860474 0.9574074149131775 0.5854166746139526 0.9574074149131775 0.5833333134651184 0.9611111283302307 0.5833333134651184 0.9629629850387573 0.5822916626930237 0.9648148417472839 0.5822916626930237 0.9666666388511658 0.581250011920929 0.9685184955596924 0.581250011920929 0.970370352268219 0.5802083611488342 0.9722222089767456 0.5802083611488342 0.979629635810852 0.5791666507720947 0.9814814925193787 0.5791666507720947 0.9851852059364319 0.578125 0.9870370626449585 0.578125 0.9888888597488403 0.5760416388511658 0.9925925731658936 0.5760416388511658 0.9944444298744202 0.574999988079071 0.9962962865829468 0.574999988079071 0.9981481432914734 0.5989583134651184 0.9981481432914734 0.5989583134651184 0.9962962865829468 0.6020833253860474 0.9907407164573669 0.6031249761581421 0.9907407164573669 0.6041666865348816 0.9888888597488403 0.6052083373069763 0.9888888597488403 0.606249988079071 0.9870370626449585 0.606249988079071 0.9851852059364319 0.6072916388511658 0.9833333492279053 0.6072916388511658 0.9814814925193787 0.609375 0.9777777791023254 0.6104166507720947 0.9777777791023254 0.6114583611488342 0.9759259223937988 0.612500011920929 0.9759259223937988 0.6135416626930237 0.9740740656852722 0.6145833134651184 0.9759259223937988 0.6145833134651184 0.9722222089767456 0.6135416626930237 0.970370352268219 0.6135416626930237 0.9685184955596924 0.612500011920929 0.9666666388511658 0.612500011920929 0.9629629850387573 0.6114583611488342 0.9611111283302307 0.6114583611488342 0.9592592716217041 0.6104166507720947 0.9574074149131775
0 0.9927083253860474 0.5592592358589172 0.9916666746139526 0.5611110925674438 0.9927083253860474 0.5611110925674438 0.9958333373069763 0.5666666626930237 0.9947916865348816 0.5685185194015503 0.9927083253860474 0.5685185194015503 0.9916666746139526 0.5666666626930237 0.9916666746139526 0.5685185194015503 0.9937499761581421 0.5685185194015503 0.9947916865348816 0.5703703761100769 0.996874988079071 0.5703703761100769 0.9979166388511658 0.5722222328186035 0.9989583492279053 0.5722222328186035 0.9989583492279053 0.5611110925674438 0.996874988079071 0.5611110925674438 0.9958333373069763 0.5592592358589172
0 0.9822916388511658 0.4481481611728668 0.9864583611488342 0.4481481611728668 0.987500011920929 0.44999998807907104 0.9895833134651184 0.44999998807907104 0.9906250238418579 0.45185184478759766 0.9916666746139526 0.45185184478759766 0.9927083253860474 0.45370370149612427 0.996874988079071 0.45370370149612427 0.9989583492279053 0.44999998807907104 0.9989583492279053 0.4462963044643402 0.9947916865348816 0.4462963044643402 0.9937499761581421 0.4444444477558136 0.9864583611488342 0.4444444477558136 0.9916666746139526 0.4444444477558136 0.9927083253860474 0.4462963044643402 0.9916666746139526 0.4481481611728668
0 0.8895833492279053 0.4277777671813965 0.893750011920929 0.43518519401550293 0.8947916626930237 0.4333333373069763 0.8999999761581421 0.4333333373069763 0.9020833373069763 0.43703705072402954 0.903124988079071 0.43703705072402954 0.9041666388511658 0.43888887763023376 0.9052083492279053 0.43888887763023376 0.90625 0.43703705072402954 0.9072916507720947 0.43703705072402954 0.9083333611488342 0.43518519401550293 0.9145833253860474 0.43518519401550293 0.9156249761581421 0.4333333373069763 0.9145833253860474 0.4333333373069763 0.9135416746139526 0.4314814805984497 0.9104166626930237 0.4314814805984497 0.909375011920929 0.4296296238899231 0.90625 0.4296296238899231 0.9052083492279053 0.4314814805984497 0.8979166746139526 0.4314814805984497 0.8968750238418579 0.4296296238899231 0.890625 0.4296296238899231
0 0.17499999701976776 0.9185185432434082 0.19062499701976776 0.9981481432914734 0.5197916626930237 0.9981481432914734 0.5104166865348816 0.9592592716217041 0.606249988079071 0.9333333373069763 0.5874999761581421 0.8185185194015503 0.59375 0.7851851582527161 0.5864583253860474 0.7351852059364319 0.6031249761581421 0.6981481313705444 0.6510416865348816 0.6888889074325562 0.6895833611488342 0.7037037014961243 0.7250000238418579 0.7425925731658936 0.8645833134651184 0.9981481432914734 0.9989583492279053 0.9981481432914734 0.9989583492279053 0.9074074029922485 0.9208333492279053 0.8444444537162781 0.9614583253860474 0.8259259462356567 0.796875 0.644444465637207 0.8656250238418579 0.6722221970558167 0.8385416865348816 0.6259258985519409 0.8833333253860474 0.6129629611968994 0.9989583492279053 0.6851851940155029 0.9989583492279053 0.6407407522201538 0.8322916626930237 0.5555555820465088 0.8531249761581421 0.5462962985038757 0.8229166865348816 0.550000011920929 0.7197916507720947 0.49259260296821594 0.6489583253860474 0.5037037134170532 0.4791666567325592 0.39629629254341125 0.375 0.41296297311782837 0.3166666626930237 0.4462963044643402 0.3499999940395355 0.49444442987442017 0.3395833373069763 0.5370370149612427 0.3583333194255829 0.5648148059844971 0.34166666865348816 0.5981481671333313 0.24583333730697632 0.6388888955116272 0.1979166716337204 0.7185184955596924 0.22187499701976776 0.8370370268821716 0.18854166567325592 0.8740741014480591
0 0.7281249761581421 0.3870370388031006 0.7822916507720947 0.42592594027519226 0.78125 0.4314814805984497 0.7718750238418579 0.4296296238899231 0.7447916865348816 0.41111111640930176 0.7416666746139526 0.42222222685813904 0.7541666626930237 0.442592591047287 0.784375011920929 0.46851852536201477 0.9312499761581421 0.5314815044403076 0.9281250238418579 0.5277777910232544 0.9312499761581421 0.5240740776062012 0.9677083492279053 0.529629647731781 0.9583333134651184 0.5222222208976746 0.9572916626930237 0.5148147940635681 0.949999988079071 0.5166666507720947 0.9375 0.5074074268341064 0.9354166388511658 0.5 0.9479166865348816 0.5 0.9604166746139526 0.5129629373550415 0.9916666746139526 0.5222222208976746 0.9989583492279053 0.5185185074806213 0.9916666746139526 0.5074074268341064 0.9989583492279053 0.5018518567085266 0.9989583492279053 0.4740740656852722 0.9312499761581421 0.4592592716217041 0.9281250238418579 0.45370370149612427 0.909375011920929 0.4555555582046509 0.9166666865348816 0.4592592716217041 0.9166666865348816 0.46481481194496155 0.8885416388511658 0.4574074149131775 0.8927083611488342 0.46296295523643494 0.8791666626930237 0.46666666865348816 0.871874988079071 0.4611110985279083 0.8125 0.4574074149131775 0.7895833253860474 0.46296295523643494 0.7749999761581421 0.4574074149131775 0.765625 0.4481481611728668 0.7718750238418579 0.4314814805984497 0.8114583492279053 0.4444444477558136 0.8322916626930237 0.43888887763023376 0.8531249761581421 0.4481481611728668 0.8979166746139526 0.45370370149612427 0.8979166746139526 0.4481481611728668 0.8729166388511658 0.4277777671813965 0.8374999761581421 0.4277777671813965 0.8229166865348816 0.4203703701496124 0.8260416388511658 0.42592594027519226 0.7989583611488342 0.42407408356666565 0.784375011920929 0.40925925970077515 0.7947916388511658 0.4018518626689911
0 0.9010416865348816 0.35555556416511536 0.9135416746139526 0.35555556416511536 0.9145833253860474 0.35740742087364197 0.9395833611488342 0.35740742087364197 0.940625011920929 0.3592592477798462 0.956250011920929 0.3592592477798462 0.9479166865348816 0.3592592477798462 0.9468749761581421 0.35740742087364197 0.9375 0.35740742087364197 0.9364583492279053 0.35555556416511536 0.9270833134651184 0.35555556416511536 0.9260416626930237 0.35370370745658875 0.9104166626930237 0.35370370745658875 0.909375011920929 0.35555556416511536
0 0.37812501192092896 0.34074074029922485 0.3375000059604645 0.34074074029922485 0.33020833134651184 0.3499999940395355 0.31041666865348816 0.3499999940395355 0.30000001192092896 0.34074074029922485 0.2718749940395355 0.3481481373310089 0.2614583373069763 0.34259259700775146 0.2562499940395355 0.3444444537162781 0.2666666805744171 0.3462963104248047 0.26770833134651184 0.35185185074806213 0.24166665971279144 0.3499999940395355 0.18437500298023224 0.37037035822868347 0.17083333432674408 0.36851853132247925 0.06041666492819786 0.39259257912635803 0.05833333358168602 0.40740740299224854 0.0 0.43703705072402954 0.03958333283662796 0.43518519401550293 0.13437500596046448 0.3870370388031006 0.17812499403953552 0.37962964177131653 0.17812499403953552 0.385185182094574 0.10520832985639572 0.4166666567325592 0.11562500149011612 0.42222222685813904 0.14479166269302368 0.42222222685813904 0.14895834028720856 0.4277777671813965 0.14687499403953552 0.4314814805984497 0.16770833730697632 0.4296296238899231 0.17499999701976776 0.4148148000240326 0.34583333134651184 0.36851853132247925 0.37291666865348816 0.3499999940395355
0 0.699999988079071 0.34259259700775146 0.7020833492279053 0.34259259700775146 0.703125 0.3444444537162781 0.7052083611488342 0.3444444537162781 0.706250011920929 0.3462963104248047 0.7083333134651184 0.3462963104248047 0.7093750238418579 0.3481481373310089 0.7093750238418579 0.3499999940395355 0.7135416865348816 0.3499999940395355 0.7104166746139526 0.3499999940395355 0.7093750238418579 0.3481481373310089 0.7104166746139526 0.3462963104248047 0.7114583253860474 0.3462963104248047 0.7124999761581421 0.3444444537162781 0.715624988079071 0.3444444537162781 0.7135416865348816 0.3444444537162781 0.7124999761581421 0.34259259700775146 0.7093750238418579 0.34259259700775146 0.7083333134651184 0.34074074029922485 0.7072916626930237 0.34259259700775146 0.706250011920929 0.34259259700775146 0.7041666507720947 0.33888888359069824 0.7020833492279053 0.34259259700775146
0 0.7093750238418579 0.35370370745658875 0.7281249761581421 0.35740742087364197 0.7291666865348816 0.3629629611968994 0.7260416746139526 0.364814817905426 0.731249988079071 0.36851853132247925 0.7802083492279053 0.36851853132247925 0.78125 0.3740740716457367 0.7718750238418579 0.3759259283542633 0.7833333611488342 0.38333332538604736 0.8187500238418579 0.38333332538604736 0.8489583134651184 0.3907407522201538 0.8458333611488342 0.385185182094574 0.856249988079071 0.385185182094574 0.8458333611488342 0.38148146867752075 0.8458333611488342 0.3777777850627899 0.8645833134651184 0.38148146867752075 0.8864583373069763 0.3777777850627899 0.9427083134651184 0.3888888955116272 0.9572916626930237 0.39814814925193787 0.9989583492279053 0.40740740299224854 0.9989583492279053 0.3888888955116272 0.9885416626930237 0.3870370388031006 0.9958333373069763 0.3870370388031006 0.9958333373069763 0.3907407522201538 0.9322916865348816 0.385185182094574 0.8239583373069763 0.3629629611968994 0.8239583373069763 0.3592592477798462 0.8416666388511658 0.3592592477798462 0.8239583373069763 0.35740742087364197 0.8197916746139526 0.35370370745658875 0.8260416388511658 0.3499999940395355 0.8010416626930237 0.3462963104248047 0.8187500238418579 0.35740742087364197 0.8135416507720947 0.3629629611968994 0.8062499761581421 0.35555556416511536 0.7875000238418579 0.35740742087364197 0.7875000238418579 0.35185185074806213 0.7927083373069763 0.3499999940395355 0.7833333611488342 0.35185185074806213 0.7864583134651184 0.35555556416511536 0.7802083492279053 0.3592592477798462 0.7572916746139526 0.35185185074806213 0.7562500238418579 0.3481481373310089 0.7604166865348816 0.3462963104248047 0.7479166388511658 0.3499999940395355 0.746874988079071 0.3444444537162781 0.7541666626930237 0.3444444537162781 0.7145833373069763 0.33703702688217163 0.7260416746139526 0.3499999940395355
0 0.6354166865348816 0.3351851999759674 0.637499988079071 0.33888888359069824 0.6385416388511658 0.33888888359069824 0.6395833492279053 0.34074074029922485 0.6427083611488342 0.34074074029922485 0.643750011920929 0.34259259700775146 0.6458333134651184 0.34259259700775146 0.6468750238418579 0.3444444537162781 0.6510416865348816 0.3444444537162781 0.6520833373069763 0.3462963104248047 0.671875 0.3462963104248047 0.6729166507720947 0.3481481373310089 0.675000011920929 0.3481481373310089 0.6760416626930237 0.3462963104248047 0.6770833134651184 0.3481481373310089 0.6833333373069763 0.3481481373310089 0.6812499761581421 0.3481481373310089 0.6802083253860474 0.3462963104248047 0.659375011920929 0.3462963104248047 0.6583333611488342 0.3444444537162781 0.6572916507720947 0.3444444537162781 0.65625 0.34259259700775146 0.6541666388511658 0.34259259700775146 0.6520833373069763 0.33888888359069824 0.6447916626930237 0.33888888359069824 0.643750011920929 0.33703702688217163 0.6395833492279053 0.33703702688217163 0.6385416388511658 0.3351851999759674
0 0.9697916507720947 0.32777777314186096 0.9770833253860474 0.32777777314186096 0.9781249761581421 0.3296296298503876 0.981249988079071 0.3296296298503876 0.9822916388511658 0.32777777314186096 0.9833333492279053 0.32777777314186096 0.984375 0.3296296298503876 0.9895833134651184 0.3296296298503876 0.9906250238418579 0.3314814865589142 0.9895833134651184 0.3333333432674408 0.9916666746139526 0.3333333432674408 0.9927083253860474 0.3314814865589142 0.9989583492279053 0.3314814865589142 0.9989583492279053 0.32777777314186096 0.9916666746139526 0.32777777314186096 0.9906250238418579 0.32592591643333435 0.9833333492279053 0.32592591643333435 0.9822916388511658 0.32777777314186096
0 0.6864583492279053 0.3222222328186035 0.6885416507720947 0.3222222328186035 0.6895833611488342 0.32407405972480774 0.6947916746139526 0.32407405972480774 0.6958333253860474 0.32592591643333435 0.7124999761581421 0.32592591643333435 0.7135416865348816 0.32777777314186096 0.7239583134651184 0.32777777314186096 0.7250000238418579 0.3296296298503876 0.734375 0.3296296298503876 0.7354166507720947 0.3314814865589142 0.7427083253860474 0.3314814865589142 0.7437499761581421 0.3333333432674408 0.7552083134651184 0.3333333432674408 0.7562500238418579 0.3351851999759674 0.762499988079071 0.3351851999759674 0.7635416388511658 0.33703702688217163 0.7697916626930237 0.33703702688217163 0.7708333134651184 0.33888888359069824 0.7770833373069763 0.33888888359069824 0.778124988079071 0.34074074029922485 0.7864583134651184 0.34074074029922485 0.7875000238418579 0.34259259700775146 0.7927083373069763 0.34259259700775146 0.7875000238418579 0.34259259700775146 0.7864583134651184 0.34074074029922485 0.7802083492279053 0.34074074029922485 0.7791666388511658 0.33888888359069824 0.7729166746139526 0.33888888359069824 0.7718750238418579 0.33703702688217163 0.7697916626930237 0.33703702688217163 0.768750011920929 0.3351851999759674 0.765625 0.3351851999759674 0.7645833492279053 0.3333333432674408 0.7572916746139526 0.3333333432674408 0.7562500238418579 0.3314814865589142 0.7510416507720947 0.3314814865589142 0.75 0.3296296298503876 0.7447916865348816 0.3296296298503876 0.7437499761581421 0.32777777314186096 0.7395833134651184 0.32777777314186096 0.7385416626930237 0.32592591643333435 0.7364583611488342 0.32592591643333435 0.7354166507720947 0.32407405972480774 0.7322916388511658 0.32407405972480774 0.731249988079071 0.3222222328186035 0.7270833253860474 0.3222222328186035 0.7260416746139526 0.3203703761100769 0.7260416746139526 0.3185185194015503 0.7208333611488342 0.3203703761100769 0.71875 0.3166666626930237 0.7145833373069763 0.3166666626930237 0.7135416865348816 0.3185185194015503 0.6989583373069763 0.3185185194015503 0.6979166865348816 0.3203703761100769 0.6927083134651184 0.3203703761100769 0.6916666626930237 0.3222222328186035 0.690625011920929 0.3203703761100769 0.6895833611488342 0.3222222328186035
0 0.4010416567325592 0.32777777314186096 0.4104166626930237 0.32777777314186096 0.4114583432674408 0.32592591643333435 0.41979166865348816 0.32592591643333435 0.421875 0.32777777314186096 0.4208333194255829 0.32592591643333435 0.421875 0.32407405972480774 0.4270833432674408 0.32592591643333435 0.421875 0.3222222328186035 0.4229166805744171 0.3203703761100769 0.43020832538604736 0.3203703761100769 0.42500001192092896 0.3203703761100769 0.42395833134651184 0.3185185194015503 0.42500001192092896 0.3166666626930237 0.4312500059604645 0.3166666626930237 0.4333333373069763 0.3203703761100769 0.43541666865348816 0.3203703761100769 0.4364583194255829 0.3222222328186035 0.4427083432674408 0.3222222328186035 0.4437499940395355 0.32407405972480774 0.44583332538604736 0.32407405972480774 0.4468750059604645 0.3203703761100769 0.45104166865348816 0.32407405972480774 0.4593749940395355 0.32407405972480774 0.4583333432674408 0.3222222328186035 0.4593749940395355 0.3203703761100769 0.4635416567325592 0.3203703761100769 0.4645833373069763 0.3222222328186035 0.4635416567325592 0.32407405972480774 0.46145832538604736 0.32407405972480774 0.4635416567325592 0.32592591643333435 0.4645833373069763 0.3222222328186035 0.4677083194255829 0.3222222328186035 0.46562498807907104 0.3203703761100769 0.46666666865348816 0.3185185194015503 0.47187501192092896 0.3166666626930237 0.4729166626930237 0.31481480598449707 0.4739583432674408 0.3166666626930237 0.4791666567325592 0.3166666626930237 0.48124998807907104 0.3203703761100769 0.4833333194255829 0.3203703761100769 0.484375 0.3222222328186035 0.48750001192092896 0.3222222328186035 0.4885416626930237 0.32592591643333435 0.4906249940395355 0.32592591643333435 0.49166667461395264 0.32777777314186096 0.4958333373069763 0.32777777314186096 0.49687498807907104 0.32592591643333435 0.5072916746139526 0.32777777314186096 0.5114583373069763 0.32407405972480774 0.5135416388511658 0.32592591643333435 0.5260416865348816 0.32592591643333435 0.5083333253860474 0.32407405972480774 0.5072916746139526 0.3222222328186035 0.5010416507720947 0.3222222328186035 0.5 0.3203703761100769 0.4947916567325592 0.3203703761100769 0.4937500059604645 0.3185185194015503 0.48229166865348816 0.3185185194015503 0.48124998807907104 0.3166666626930237 0.4739583432674408 0.3166666626930237 0.4729166626930237 0.31481480598449707 0.44999998807907104 0.31481480598449707 0.4489583373069763 0.3185185194015503 0.44583332538604736 0.31481480598449707 0.44479167461395264 0.3166666626930237 0.4375 0.3166666626930237 0.4364583194255829 0.31481480598449707 0.43437498807907104 0.31481480598449707 0.4333333373069763 0.3166666626930237 0.4124999940395355 0.3166666626930237 0.4114583432674408 0.3203703761100769 0.40833333134651184 0.3203703761100769
0 0.40416666865348816 0.307407408952713 0.4052083194255829 0.3092592656612396 0.40625 0.307407408952713 0.4072916805744171 0.307407408952713 0.40833333134651184 0.3092592656612396 0.40937501192092896 0.307407408952713 0.4124999940395355 0.307407408952713 0.41458332538604736 0.3037036955356598 0.4208333194255829 0.3037036955356598 0.421875 0.3055555522441864 0.42395833134651184 0.3055555522441864 0.4229166805744171 0.3037036955356598 0.4166666567325592 0.3037036955356598 0.4156250059604645 0.3018518388271332 0.40833333134651184 0.3018518388271332 0.40625 0.3055555522441864 0.40416666865348816 0.3055555522441864
0 0.4020833373069763 0.307407408952713 0.4010416567325592 0.3055555522441864 0.4000000059604645 0.3055555522441864 0.39895832538604736 0.3037036955356598 0.3958333432674408 0.3037036955356598 0.3947916626930237 0.3018518388271332 0.39375001192092896 0.3037036955356598 0.39270833134651184 0.3037036955356598 0.3916666805744171 0.3055555522441864 0.3895833194255829 0.3055555522441864 0.38854166865348816 0.307407408952713 0.38749998807907104 0.307407408952713 0.39375001192092896 0.307407408952713 0.3947916626930237 0.3092592656612396 0.3958333432674408 0.307407408952713 0.3968749940395355 0.3092592656612396 0.39895832538604736 0.3092592656612396 0.4000000059604645 0.307407408952713
0 0.721875011920929 0.307407408952713 0.8135416507720947 0.31481480598449707 0.8177083134651184 0.3203703761100769 0.7614583373069763 0.3203703761100769 0.7906249761581421 0.32407405972480774 0.7895833253860474 0.3296296298503876 0.8427083492279053 0.3333333432674408 0.8416666388511658 0.33888888359069824 0.9041666388511658 0.3462963104248047 0.8531249761581421 0.33888888359069824 0.8385416865348816 0.3314814865589142 0.8552083373069763 0.3296296298503876 0.940625011920929 0.3481481373310089 0.9989583492279053 0.35185185074806213 0.9989583492279053 0.33888888359069824 0.9750000238418579 0.3333333432674408 0.8229166865348816 0.32407405972480774 0.8385416865348816 0.3185185194015503 0.9052083492279053 0.3222222328186035 0.8374999761581421 0.3185185194015503 0.8416666388511658 0.31111112236976624 0.8739583492279053 0.31111112236976624 0.824999988079071 0.31481480598449707 0.7666666507720947 0.307407408952713 0.7697916626930237 0.3018518388271332 0.7510416507720947 0.29814815521240234 0.762499988079071 0.3037036955356598 0.7520833611488342 0.3055555522441864 0.7635416388511658 0.3092592656612396
0 0.7166666388511658 0.31111112236976624 0.6916666626930237 0.307407408952713 0.6958333253860474 0.3037036955356598 0.6916666626930237 0.3037036955356598 0.6927083134651184 0.30000001192092896 0.6864583492279053 0.30000001192092896 0.6916666626930237 0.3037036955356598 0.6875 0.307407408952713 0.6781250238418579 0.29814815521240234 0.6229166388511658 0.3018518388271332 0.6135416626930237 0.31296294927597046 0.6020833253860474 0.31481480598449707 0.5895833373069763 0.3092592656612396 0.5385416746139526 0.3092592656612396 0.550000011920929 0.3092592656612396 0.5479166507720947 0.31296294927597046 0.5583333373069763 0.32592591643333435 0.574999988079071 0.3296296298503876 0.5864583253860474 0.34074074029922485 0.5552083253860474 0.34074074029922485 0.5322916507720947 0.32777777314186096 0.5208333134651184 0.3296296298503876 0.53125 0.3333333432674408 0.5229166746139526 0.3444444537162781 0.5020833611488342 0.3444444537162781 0.4833333194255829 0.33888888359069824 0.4895833432674408 0.3351851999759674 0.4645833373069763 0.3314814865589142 0.4416666626930237 0.3333333432674408 0.4541666805744171 0.33703702688217163 0.4416666626930237 0.33703702688217163 0.44479167461395264 0.34074074029922485 0.43958333134651184 0.3444444537162781 0.46041667461395264 0.3444444537162781 0.45520833134651184 0.34074074029922485 0.4645833373069763 0.34259259700775146 0.4645833373069763 0.33703702688217163 0.47083333134651184 0.33703702688217163 0.4749999940395355 0.3444444537162781 0.5 0.34259259700775146 0.5145833492279053 0.3611111044883728 0.5458333492279053 0.3611111044883728 0.5322916507720947 0.35370370745658875 0.5447916388511658 0.34259259700775146 0.5729166865348816 0.3462963104248047 0.5874999761581421 0.35740742087364197 0.6104166507720947 0.35740742087364197 0.6041666865348816 0.3462963104248047 0.5864583253860474 0.34074074029922485 0.6229166388511658 0.3462963104248047 0.6197916865348816 0.34074074029922485 0.5770833492279053 0.3314814865589142 0.5666666626930237 0.31481480598449707 0.621874988079071 0.3185185194015503 0.6260416507720947 0.31296294927597046 0.640625 0.31296294927597046 0.6447916626930237 0.3185185194015503 0.690625011920929 0.3166666626930237 0.6864583492279053 0.307407408952713
1 0.590624988079071 0.7240740656852722 0.5916666388511658 0.729629635810852 0.5874999761581421 0.7351852059364319 0.590624988079071 0.7444444298744202 0.5885416865348816 0.75 0.5916666388511658 0.7518518567085266 0.5895833373069763 0.7555555701255798 0.5927083492279053 0.7648147940635681 0.590624988079071 0.770370364189148 0.5947916507720947 0.7851851582527161 0.5895833373069763 0.7925925850868225 0.5916666388511658 0.800000011920929 0.5885416865348816 0.8037037253379822 0.5916666388511658 0.8166666626930237 0.5885416865348816 0.8185185194015503 0.5947916507720947 0.8425925970077515 0.5958333611488342 0.8574073910713196 0.6010416746139526 0.8703703880310059 0.5979166626930237 0.8759258985519409 0.6083333492279053 0.9203703999519348 0.6041666865348816 0.9222221970558167 0.6072916388511658 0.9333333373069763 0.6145833134651184 0.9333333373069763 0.6104166507720947 0.9462962746620178 0.6156250238418579 0.9759259223937988 0.6354166865348816 0.9981481432914734 0.8635416626930237 0.9981481432914734 0.7802083492279053 0.8462963104248047 0.7677083611488342 0.8296296000480652 0.7250000238418579 0.7444444298744202 0.7020833492279053 0.7166666388511658 0.6947916746139526 0.7148148417472839 0.6895833611488342 0.7055555582046509 0.6697916388511658 0.6944444179534912 0.6416666507720947 0.6907407641410828 0.6031249761581421 0.699999988079071
1 0.8395833373069763 0.6259258985519409 0.8416666388511658 0.6277777552604675 0.840624988079071 0.6333333253860474 0.8447916507720947 0.644444465637207 0.856249988079071 0.6574074029922485 0.859375 0.664814829826355 0.8645833134651184 0.6685185432434082 0.8677083253860474 0.6740740537643433 0.878125011920929 0.6796296238899231 0.8989583253860474 0.699999988079071 0.9156249761581421 0.7129629850387573 0.9479166865348816 0.75 0.9541666507720947 0.7611111402511597 0.9666666388511658 0.7740740776062012 0.9770833253860474 0.7907407283782959 0.9989583492279053 0.8129629492759705 0.9989583492279053 0.6870370507240295 0.9697916507720947 0.664814829826355 0.96875 0.6611111164093018 0.953125 0.6481481194496155 0.9468749761581421 0.6462963223457336 0.9395833611488342 0.6388888955116272 0.9177083373069763 0.6296296119689941 0.9125000238418579 0.6240741014480591 0.8833333253860474 0.614814817905426 0.8812500238418579 0.6166666746139526 0.8656250238418579 0.614814817905426 0.8645833134651184 0.6166666746139526 0.8447916507720947 0.6185185313224792
1 0.46875 0.4611110985279083 0.46875 0.46666666865348816 0.46666666865348816 0.4740740656852722 0.46666666865348816 0.4833333194255829 0.46875 0.4888888895511627 0.46875 0.4981481432914734 0.4697916805744171 0.5 0.4677083194255829 0.5055555701255798 0.4697916805744171 0.5074074268341064 0.4697916805744171 0.5129629373550415 0.47187501192092896 0.5148147940635681 0.4697916805744171 0.5166666507720947 0.47187501192092896 0.5185185074806213 0.4729166626930237 0.5222222208976746 0.47187501192092896 0.5259259343147278 0.4729166626930237 0.5259259343147278 0.4739583432674408 0.529629647731781 0.5010416507720947 0.5277777910232544 0.5020833611488342 0.5259259343147278 0.5135416388511658 0.5240740776062012 0.5177083611488342 0.520370364189148 0.546875 0.5185185074806213 0.5479166507720947 0.5166666507720947 0.5520833134651184 0.520370364189148 0.5531250238418579 0.5240740776062012 0.5562499761581421 0.5259259343147278 0.5583333373069763 0.529629647731781 0.5604166388511658 0.529629647731781 0.565625011920929 0.5370370149612427 0.5677083134651184 0.5370370149612427 0.5760416388511658 0.5462962985038757 0.5770833492279053 0.5444444417953491 0.581250011920929 0.550000011920929 0.5833333134651184 0.550000011920929 0.5822916626930237 0.5481481552124023 0.5843750238418579 0.5462962985038757 0.5843750238418579 0.5444444417953491 0.5822916626930237 0.5425925850868225 0.5770833492279053 0.5425925850868225 0.574999988079071 0.5351851582527161 0.5760416388511658 0.5314815044403076 0.574999988079071 0.5314815044403076 0.5739583373069763 0.5277777910232544 0.5718749761581421 0.5277777910232544 0.5697916746139526 0.5240740776062012 0.5666666626930237 0.5222222208976746 0.5625 0.5148147940635681 0.5562499761581421 0.5129629373550415 0.5552083253860474 0.5111111402511597 0.5562499761581421 0.5074074268341064 0.5541666746139526 0.5037037134170532 0.5510416626930237 0.5018518567085266 0.5458333492279053 0.49074074625968933 0.5427083373069763 0.4888888895511627 0.5406249761581421 0.4851851761341095 0.534375011920929 0.46666666865348816 0.5291666388511658 0.4574074149131775 0.528124988079071 0.45370370149612427 0.5291666388511658 0.45185184478759766 0.5260416865348816 0.4462963044643402 0.5197916626930237 0.442592591047287 0.5166666507720947 0.442592591047287 0.515625 0.4407407343387604 0.4885416626930237 0.4407407343387604 0.4833333194255829 0.4444444477558136 0.4791666567325592 0.4444444477558136 0.4749999940395355 0.4481481611728668 0.4729166626930237 0.4555555582046509
1 0.5208333134651184 0.41296297311782837 0.5270833373069763 0.4185185134410858 0.53125 0.4185185134410858 0.5322916507720947 0.42222222685813904 0.5291666388511658 0.42592594027519226 0.5322916507720947 0.42592594027519226 0.5354166626930237 0.4296296238899231 0.5385416746139526 0.4296296238899231 0.5395833253860474 0.4314814805984497 0.5406249761581421 0.4296296238899231 0.5416666865348816 0.4314814805984497 0.5479166507720947 0.4314814805984497 0.5531250238418579 0.43703705072402954 0.5552083253860474 0.43703705072402954 0.5635416507720947 0.4444444477558136 0.5718749761581421 0.4444444477558136 0.5760416388511658 0.4481481611728668 0.5791666507720947 0.4481481611728668 0.5833333134651184 0.45185184478759766 0.5874999761581421 0.45185184478759766 0.590624988079071 0.4555555582046509 0.5989583134651184 0.4592592716217041 0.6020833253860474 0.46296295523643494 0.6020833253860474 0.46851852536201477 0.6010416746139526 0.4703703820705414 0.6041666865348816 0.4703703820705414 0.6072916388511658 0.4740740656852722 0.6104166507720947 0.4740740656852722 0.6187499761581421 0.48148149251937866 0.6135416626930237 0.4740740656852722 0.6135416626930237 0.4703703820705414 0.6114583611488342 0.4703703820705414 0.6041666865348816 0.4592592716217041 0.6031249761581421 0.4592592716217041 0.5979166626930237 0.45185184478759766 0.5958333611488342 0.45185184478759766 0.5947916507720947 0.44999998807907104 0.596875011920929 0.4481481611728668 0.5947916507720947 0.4481481611728668 0.5833333134651184 0.4314814805984497 0.574999988079071 0.4314814805984497 0.5739583373069763 0.4296296238899231 0.5645833611488342 0.4277777671813965 0.5635416507720947 0.42592594027519226 0.5645833611488342 0.42407408356666565 0.5687500238418579 0.42407408356666565 0.5583333373069763 0.4148148000240326 0.5562499761581421 0.4166666567325592 0.5375000238418579 0.4166666567325592 0.5364583134651184 0.4148148000240326 0.5322916507720947 0.4148148000240326 0.53125 0.41296297311782837 0.528124988079071 0.41296297311782837 0.5270833373069763 0.4148148000240326 0.5239583253860474 0.4148148000240326 0.5229166746139526 0.41296297311782837 0.5218750238418579 0.4148148000240326
1 0.5093749761581421 0.41111111640930176 0.5104166865348816 0.41296297311782837 0.512499988079071 0.41296297311782837 0.512499988079071 0.41111111640930176 0.5135416388511658 0.40925925970077515 0.5166666507720947 0.40925925970077515 0.518750011920929 0.41296297311782837 0.518750011920929 0.41111111640930176 0.5197916626930237 0.40925925970077515 0.5218750238418579 0.40925925970077515 0.5229166746139526 0.40740740299224854 0.5197916626930237 0.40740740299224854 0.5177083611488342 0.4037036895751953 0.5166666507720947 0.4037036895751953 0.515625 0.4018518626689911 0.512499988079071 0.4018518626689911 0.5114583373069763 0.4000000059604645 0.5104166865348816 0.4000000059604645 0.5114583373069763 0.4018518626689911 0.5093749761581421 0.4055555462837219
1 0.17812499403953552 0.38148146867752075 0.1770833283662796 0.38333332538604736 0.15625 0.385185182094574 0.15520833432674408 0.3870370388031006 0.14791665971279144 0.3870370388031006 0.14687499403953552 0.3888888955116272 0.13437500596046448 0.3888888955116272 0.11874999850988388 0.4000000059604645 0.109375 0.4000000059604645 0.09166666865348816 0.41296297311782837 0.04062499850988388 0.43518519401550293 0.09687499701976776 0.43703705072402954 0.09791667014360428 0.43518519401550293 0.11666666716337204 0.43518519401550293 0.11770833283662796 0.4333333373069763 0.12812499701976776 0.4333333373069763 0.12916666269302368 0.4314814805984497 0.1458333283662796 0.4314814805984497 0.14791665971279144 0.4277777671813965 0.14479166269302368 0.42407408356666565 0.12916666269302368 0.42407408356666565 0.12812499701976776 0.42222222685813904 0.11562500149011612 0.42407408356666565 0.11145833134651184 0.42222222685813904 0.109375 0.4185185134410858 0.10520832985639572 0.4185185134410858 0.1041666641831398 0.4166666567325592 0.10520832985639572 0.4148148000240326 0.1354166716337204 0.4037036895751953 0.1458333283662796 0.39629629254341125 0.15520833432674408 0.39259257912635803 0.15833333134651184 0.3888888955116272 0.17812499403953552 0.38333332538604736
1 0.8458333611488342 0.37962964177131653 0.856249988079071 0.38333332538604736 0.8572916388511658 0.385185182094574 0.856249988079071 0.3870370388031006 0.8458333611488342 0.3870370388031006 0.8541666865348816 0.39259257912635803 0.8583333492279053 0.39259257912635803 0.859375 0.39444443583488464 0.8635416626930237 0.39444443583488464 0.8645833134651184 0.39629629254341125 0.8687499761581421 0.39629629254341125 0.8697916865348816 0.39814814925193787 0.8739583492279053 0.39814814925193787 0.8802083134651184 0.4018518626689911 0.8854166865348816 0.4018518626689911 0.890625 0.4055555462837219 0.903124988079071 0.4055555462837219 0.9041666388511658 0.40740740299224854 0.9177083373069763 0.40740740299224854 0.918749988079071 0.40925925970077515 0.9385416507720947 0.41111111640930176 0.9395833611488342 0.41296297311782837 0.9375 0.4148148000240326 0.9395833611488342 0.4166666567325592 0.9520833492279053 0.4185185134410858 0.953125 0.4203703701496124 0.956250011920929 0.4203703701496124 0.949999988079071 0.41111111640930176 0.9510416388511658 0.40925925970077515 0.9593750238418579 0.40925925970077515 0.9604166746139526 0.41111111640930176 0.987500011920929 0.41111111640930176 0.9885416626930237 0.40925925970077515 0.9958333373069763 0.40925925970077515 0.9937499761581421 0.40740740299224854 0.9791666865348816 0.4055555462837219 0.9781249761581421 0.4037036895751953 0.9708333611488342 0.4037036895751953 0.9635416865348816 0.4000000059604645 0.9572916626930237 0.4000000059604645 0.9520833492279053 0.39444443583488464 0.9437500238418579 0.39259257912635803 0.9427083134651184 0.3907407522201538 0.9145833253860474 0.3870370388031006 0.9135416746139526 0.385185182094574 0.90625 0.385185182094574 0.8989583253860474 0.38148146867752075 0.8770833611488342 0.37962964177131653 0.8708333373069763 0.38333332538604736 0.8645833134651184 0.38333332538604736 0.8635416626930237 0.38148146867752075 0.8572916388511658 0.38148146867752075 0.856249988079071 0.37962964177131653
1 0.5041666626930237 0.3888888955116272 0.49791666865348816 0.38148146867752075 0.43958333134651184 0.385185182094574 0.43541666865348816 0.37962964177131653 0.44062501192092896 0.3759259283542633 0.39375001192092896 0.38148146867752075 0.38749998807907104 0.3907407522201538 0.3708333373069763 0.3888888955116272 0.3656249940395355 0.39444443583488464 0.3635416626930237 0.3888888955116272 0.3229166567325592 0.39444443583488464 0.3333333432674408 0.3888888955116272 0.33020833134651184 0.385185182094574 0.3343749940395355 0.38148146867752075 0.31041666865348816 0.37962964177131653 0.2718749940395355 0.40740740299224854 0.2802083194255829 0.41296297311782837 0.2291666716337204 0.4148148000240326 0.21562500298023224 0.42592594027519226 0.18437500298023224 0.4277777671813965 0.22499999403953552 0.42592594027519226 0.27812498807907104 0.43703705072402954 0.23125000298023224 0.45370370149612427 0.1614583283662796 0.4611110985279083 0.09166666865348816 0.4851851761341095 0.11874999850988388 0.4833333194255829 0.12812499701976776 0.4888888895511627 0.13958333432674408 0.47962963581085205 0.18020834028720856 0.47592592239379883 0.25312501192092896 0.4555555582046509 0.26875001192092896 0.43888887763023376 0.2916666567325592 0.43518519401550293 0.28958332538604736 0.4148148000240326 0.30937498807907104 0.40925925970077515 0.2916666567325592 0.41111111640930176 0.2958333194255829 0.4055555462837219 0.2916666567325592 0.4037036895751953 0.3489583432674408 0.39259257912635803 0.3552083373069763 0.39259257912635803 0.35208332538604736 0.39814814925193787 0.38854166865348816 0.4000000059604645 0.45104166865348816 0.39259257912635803 0.4937500059604645 0.39629629254341125 0.484375 0.39259257912635803
1 0.15625 0.37037035822868347 0.14791665971279144 0.37037035822868347 0.14687499403953552 0.3722222149372101 0.12708333134651184 0.37037035822868347 0.12604166567325592 0.36851853132247925 0.12708333134651184 0.36666667461395264 0.14374999701976776 0.36666667461395264 0.14479166269302368 0.364814817905426 0.1510416716337204 0.364814817905426 0.14791665971279144 0.3629629611968994 0.14166666567325592 0.3629629611968994 0.140625 0.364814817905426 0.10625000298023224 0.3629629611968994 0.10520832985639572 0.364814817905426 0.09791667014360428 0.364814817905426 0.09062500298023224 0.36851853132247925 0.08958332985639572 0.37037035822868347 0.09270833432674408 0.3740740716457367 0.09166666865348816 0.3759259283542633 0.08020833134651184 0.38148146867752075 0.06041666492819786 0.38333332538604736 0.05937499925494194 0.38148146867752075 0.06145833432674408 0.3777777850627899 0.06562499701976776 0.3759259283542633 0.06562499701976776 0.3722222149372101 0.05624999850988388 0.3722222149372101 0.0520833320915699 0.37037035822868347 0.05000000074505806 0.36666667461395264 0.04270833358168602 0.36851853132247925 0.03750000149011612 0.3740740716457367 0.0052083334885537624 0.3759259283542633 0.004166666883975267 0.3777777850627899 0.012500000186264515 0.3870370388031006 0.01770833320915699 0.3870370388031006 0.02500000037252903 0.39259257912635803 0.03020833246409893 0.39259257912635803 0.03125 0.39444443583488464 0.0364583320915699 0.39444443583488464 0.03750000149011612 0.39259257912635803 0.04062499850988388 0.39444443583488464 0.05312500149011612 0.39444443583488464 0.06354166567325592 0.3888888955116272 0.06875000149011612 0.3888888955116272 0.08229167014360428 0.38333332538604736
1 0.0677083358168602 0.3740740716457367 0.06875000149011612 0.3740740716457367 0.06979166716337204 0.3722222149372101 0.07708333432674408 0.3722222149372101 0.078125 0.37037035822868347 0.08645833283662796 0.37037035822868347 0.08749999850988388 0.36851853132247925 0.08645833283662796 0.36666667461395264 0.08541666716337204 0.36666667461395264 0.08437500149011612 0.364814817905426 0.08229167014360428 0.364814817905426 0.08124999701976776 0.3629629611968994 0.07187499850988388 0.3629629611968994 0.07083333283662796 0.364814817905426 0.06979166716337204 0.364814817905426 0.0677083358168602 0.36851853132247925
1 0.512499988079071 0.3629629611968994 0.5135416388511658 0.364814817905426 0.5135416388511658 0.36666667461395264 0.5166666507720947 0.36666667461395264 0.5177083611488342 0.364814817905426 0.5208333134651184 0.364814817905426 0.5218750238418579 0.36666667461395264 0.5229166746139526 0.36666667461395264 0.5239583253860474 0.364814817905426 0.528124988079071 0.364814817905426 0.5270833373069763 0.3629629611968994 0.528124988079071 0.3611111044883728 0.5260416865348816 0.3611111044883728 0.5249999761581421 0.3629629611968994 0.5239583253860474 0.3611111044883728 0.518750011920929 0.3611111044883728 0.5177083611488342 0.3629629611968994
1 0.234375 0.3481481373310089 0.23749999701976776 0.3481481373310089 0.23854166269302368 0.3499999940395355 0.24062499403953552 0.3499999940395355 0.24166665971279144 0.3481481373310089 0.24375000596046448 0.3481481373310089 0.2447916716337204 0.3499999940395355 0.24583333730697632 0.3499999940395355 0.24687500298023224 0.3481481373310089 0.2541666626930237 0.3481481373310089 0.2552083432674408 0.3462963104248047 0.2562499940395355 0.3481481373310089 0.2604166567325592 0.3481481373310089 0.2614583373069763 0.3499999940395355 0.26770833134651184 0.3499999940395355 0.2666666805744171 0.3481481373310089 0.2645833194255829 0.3481481373310089 0.26354166865348816 0.3499999940395355 0.26249998807907104 0.3499999940395355 0.2614583373069763 0.3481481373310089 0.26249998807907104 0.3462963104248047 0.24687500298023224 0.3462963104248047 0.24583333730697632 0.3481481373310089 0.24270834028720856 0.3481481373310089 0.24166665971279144 0.3462963104248047 0.2395833283662796 0.3462963104248047 0.23854166269302368 0.3481481373310089
1 0.23333333432674408 0.35185185074806213 0.23020833730697632 0.35185185074806213 0.2291666716337204 0.3499999940395355 0.23020833730697632 0.3481481373310089 0.23229166865348816 0.3481481373310089 0.23020833730697632 0.3481481373310089 0.2291666716337204 0.3462963104248047 0.22708334028720856 0.3462963104248047 0.22604165971279144 0.3481481373310089 0.20937499403953552 0.3481481373310089 0.2083333283662796 0.3499999940395355 0.20729166269302368 0.3499999940395355 0.20624999701976776 0.35185185074806213 0.20520833134651184 0.35185185074806213 0.20624999701976776 0.35370370745658875 0.20416666567325592 0.35740742087364197 0.20104166865348816 0.35370370745658875 0.19687500596046448 0.35370370745658875 0.19374999403953552 0.35740742087364197 0.18333333730697632 0.35740742087364197 0.18437500298023224 0.3592592477798462 0.18333333730697632 0.3611111044883728 0.1822916716337204 0.3611111044883728 0.18333333730697632 0.3611111044883728 0.18437500298023224 0.3592592477798462 0.19583334028720856 0.3592592477798462 0.19687500596046448 0.35740742087364197 0.20416666567325592 0.35740742087364197 0.20520833134651184 0.3592592477798462 0.20416666567325592 0.3611111044883728 0.19895833730697632 0.3611111044883728 0.20520833134651184 0.3611111044883728 0.20520833134651184 0.3592592477798462 0.20416666567325592 0.35740742087364197 0.20520833134651184 0.35555556416511536 0.21250000596046448 0.35555556416511536 0.2135416716337204 0.35370370745658875 0.21666666865348816 0.35370370745658875 0.21770833432674408 0.35555556416511536 0.21979166567325592 0.35555556416511536 0.21770833432674408 0.35555556416511536 0.21666666865348816 0.35370370745658875 0.21770833432674408 0.35185185074806213 0.22083333134651184 0.35185185074806213 0.22187499701976776 0.35370370745658875 0.22604165971279144 0.35370370745658875 0.2239583283662796 0.35370370745658875 0.22291666269302368 0.35185185074806213 0.2239583283662796 0.3499999940395355 0.22812500596046448 0.3499999940395355 0.2291666716337204 0.35185185074806213
1 0.5333333611488342 0.35185185074806213 0.5333333611488342 0.35370370745658875 0.534375011920929 0.35555556416511536 0.5354166626930237 0.35555556416511536 0.5364583134651184 0.35740742087364197 0.5406249761581421 0.35740742087364197 0.5416666865348816 0.3592592477798462 0.5562499761581421 0.3592592477798462 0.5572916865348816 0.3611111044883728 0.5562499761581421 0.3629629611968994 0.5531250238418579 0.3629629611968994 0.5520833134651184 0.364814817905426 0.550000011920929 0.364814817905426 0.5479166507720947 0.36851853132247925 0.546875 0.36851853132247925 0.5760416388511658 0.36851853132247925 0.5770833492279053 0.36666667461395264 0.5833333134651184 0.36666667461395264 0.5833333134651184 0.364814817905426 0.5843750238418579 0.3629629611968994 0.5927083492279053 0.3629629611968994 0.590624988079071 0.3629629611968994 0.5895833373069763 0.3611111044883728 0.590624988079071 0.3592592477798462 0.5927083492279053 0.3592592477798462 0.5885416865348816 0.3592592477798462 0.5874999761581421 0.3611111044883728 0.5822916626930237 0.3611111044883728 0.581250011920929 0.3592592477798462 0.5729166865348816 0.3592592477798462 0.5718749761581421 0.3611111044883728 0.5708333253860474 0.3611111044883728 0.5697916746139526 0.3592592477798462 0.5718749761581421 0.35370370745658875 0.5802083611488342 0.35370370745658875 0.581250011920929 0.35555556416511536 0.5843750238418579 0.35555556416511536 0.581250011920929 0.35185185074806213 0.5791666507720947 0.35185185074806213 0.578125 0.3499999940395355 0.5739583373069763 0.3499999940395355 0.5729166865348816 0.3481481373310089 0.5635416507720947 0.3481481373310089 0.5625 0.3462963104248047 0.5531250238418579 0.3462963104248047 0.5520833134651184 0.3444444537162781 0.5447916388511658 0.3444444537162781 0.543749988079071 0.3462963104248047 0.5395833253860474 0.3462963104248047 0.5375000238418579 0.3499999940395355 0.5354166626930237 0.3499999940395355 0.534375011920929 0.35185185074806213
1 0.606249988079071 0.3481481373310089 0.6395833492279053 0.35555556416511536 0.640625 0.3592592477798462 0.6333333253860474 0.36666667461395264 0.6729166507720947 0.3629629611968994 0.6947916746139526 0.36851853132247925 0.6979166865348816 0.3759259283542633 0.7083333134651184 0.38148146867752075 0.7291666865348816 0.37962964177131653 0.734375 0.38333332538604736 0.7302083373069763 0.385185182094574 0.7479166388511658 0.385185182094574 0.7697916626930237 0.39444443583488464 0.8427083492279053 0.40740740299224854 0.9041666388511658 0.4277777671813965 0.9333333373069763 0.4314814805984497 0.9291666746139526 0.42592594027519226 0.9322916865348816 0.42407408356666565 0.965624988079071 0.43518519401550293 0.9281250238418579 0.4203703701496124 0.8895833492279053 0.4185185134410858 0.8343750238418579 0.4018518626689911 0.7718750238418579 0.39259257912635803 0.7604166865348816 0.3870370388031006 0.7604166865348816 0.38333332538604736 0.7416666746139526 0.385185182094574 0.7416666746139526 0.38148146867752075 0.7072916626930237 0.3777777850627899 0.703125 0.3759259283542633 0.703125 0.37037035822868347 0.7302083373069763 0.36851853132247925 0.7250000238418579 0.364814817905426 0.7281249761581421 0.3592592477798462 0.7114583253860474 0.35740742087364197 0.7083333134651184 0.35370370745658875 0.7135416865348816 0.35185185074806213 0.7020833492279053 0.3444444537162781 0.6895833611488342 0.3444444537162781 0.7020833492279053 0.3481481373310089 0.6968749761581421 0.35370370745658875 0.6520833373069763 0.3481481373310089 0.6427083611488342 0.34259259700775146 0.640625 0.3462963104248047 0.6489583253860474 0.3499999940395355 0.640625 0.35370370745658875
1 0.4104166626930237 0.3444444537162781 0.4072916805744171 0.3444444537162781 0.40625 0.34259259700775146 0.39791667461395264 0.34259259700775146 0.3968749940395355 0.3444444537162781 0.3864583373069763 0.3444444537162781 0.3854166567325592 0.3462963104248047 0.3791666626930237 0.3462963104248047 0.37812501192092896 0.3481481373310089 0.3760416805744171 0.3481481373310089 0.375 0.3499999940395355 0.3739583194255829 0.3499999940395355 0.3791666626930237 0.3499999940395355 0.3802083432674408 0.3481481373310089 0.3812499940395355 0.3481481373310089 0.38229167461395264 0.3462963104248047 0.38333332538604736 0.3481481373310089 0.3843750059604645 0.3462963104248047 0.3854166567325592 0.3481481373310089 0.3864583373069763 0.3462963104248047 0.38749998807907104 0.3481481373310089 0.3947916626930237 0.3481481373310089 0.3947916626930237 0.3462963104248047 0.3958333432674408 0.3444444537162781
1 0.8239583373069763 0.3611111044883728 0.8500000238418579 0.36666667461395264 0.8583333492279053 0.364814817905426 0.8583333492279053 0.36851853132247925 0.8541666865348816 0.36851853132247925 0.862500011920929 0.364814817905426 0.8656250238418579 0.36666667461395264 0.8656250238418579 0.37037035822868347 0.9322916865348816 0.38333332538604736 0.9958333373069763 0.3888888955116272 0.9885416626930237 0.3888888955116272 0.9885416626930237 0.385185182094574 0.9989583492279053 0.3870370388031006 0.9989583492279053 0.364814817905426 0.9458333253860474 0.35555556416511536 0.9427083134651184 0.35185185074806213 0.9552083611488342 0.3499999940395355 0.9437500238418579 0.3499999940395355 0.9437500238418579 0.3462963104248047 0.9312499761581421 0.3481481373310089 0.8833333253860474 0.33888888359069824 0.8760416507720947 0.3333333432674408 0.8447916507720947 0.3333333432674408 0.8802083134651184 0.33888888359069824 0.8854166865348816 0.34259259700775146 0.903124988079071 0.34259259700775146 0.9041666388511658 0.3481481373310089 0.956250011920929 0.35740742087364197 0.956250011920929 0.3611111044883728 0.8729166388511658 0.35370370745658875 0.8697916865348816 0.3611111044883728 0.8729166388511658 0.364814817905426 0.871874988079071 0.36666667461395264
1 0.7364583611488342 0.32407405972480774 0.7447916865348816 0.32777777314186096 0.75 0.32777777314186096 0.7510416507720947 0.3296296298503876 0.7562500238418579 0.3296296298503876 0.7572916746139526 0.3314814865589142 0.7645833492279053 0.3314814865589142 0.7729166746139526 0.33703702688217163 0.7864583134651184 0.33888888359069824 0.7875000238418579 0.34074074029922485 0.7833333611488342 0.3444444537162781 0.7739583253860474 0.3444444537162781 0.7760416865348816 0.3462963104248047 0.7833333611488342 0.3462963104248047 0.784375011920929 0.3481481373310089 0.78125 0.3499999940395355 0.7927083373069763 0.3481481373310089 0.793749988079071 0.3499999940395355 0.7927083373069763 0.35185185074806213 0.7895833253860474 0.35185185074806213 0.8062499761581421 0.35370370745658875 0.8135416507720947 0.3611111044883728 0.8145833611488342 0.3592592477798462 0.8187500238418579 0.3592592477798462 0.8135416507720947 0.3592592477798462 0.8104166388511658 0.35370370745658875 0.8020833134651184 0.35185185074806213 0.7989583611488342 0.3481481373310089 0.8010416626930237 0.3444444537162781 0.8260416388511658 0.3481481373310089 0.8270833492279053 0.3499999940395355 0.8260416388511658 0.35370370745658875 0.8208333253860474 0.35370370745658875 0.8239583373069763 0.35555556416511536 0.8333333134651184 0.35555556416511536 0.8343750238418579 0.35740742087364197 0.8687499761581421 0.35185185074806213 0.8614583611488342 0.35185185074806213 0.8604166507720947 0.3499999940395355 0.8614583611488342 0.3481481373310089 0.8572916388511658 0.3481481373310089 0.856249988079071 0.3462963104248047 0.8489583134651184 0.3462963104248047 0.846875011920929 0.3481481373310089 0.8458333611488342 0.3462963104248047 0.8374999761581421 0.3462963104248047 0.8364583253860474 0.3444444537162781 0.8302083611488342 0.3444444537162781 0.8229166865348816 0.34074074029922485 0.8145833611488342 0.34074074029922485 0.8135416507720947 0.33888888359069824 0.7875000238418579 0.33703702688217163 0.7802083492279053 0.3333333432674408 0.765625 0.3314814865589142 0.7645833492279053 0.32592591643333435 0.7406250238418579 0.32592591643333435
1 0.8885416388511658 0.31481480598449707 0.8885416388511658 0.3166666626930237 0.8947916626930237 0.3166666626930237 0.8958333134651184 0.3185185194015503 0.8947916626930237 0.3203703761100769 0.8885416388511658 0.3203703761100769 0.8979166746139526 0.3203703761100769 0.8989583253860474 0.3185185194015503 0.9052083492279053 0.3203703761100769 0.90625 0.3222222328186035 0.9052083492279053 0.32407405972480774 0.890625 0.32407405972480774 0.8989583253860474 0.32592591643333435 0.8999999761581421 0.32777777314186096 0.9083333611488342 0.32777777314186096 0.909375011920929 0.32592591643333435 0.9197916388511658 0.32777777314186096 0.9229166507720947 0.32592591643333435 0.9239583611488342 0.32777777314186096 0.9364583492279053 0.32777777314186096 0.9375 0.3296296298503876 0.9447916746139526 0.3296296298503876 0.9458333253860474 0.3314814865589142 0.9489583373069763 0.3296296298503876 0.949999988079071 0.3314814865589142 0.9604166746139526 0.3314814865589142 0.9614583253860474 0.3333333432674408 0.9729166626930237 0.3333333432674408 0.9750000238418579 0.3314814865589142 0.9760416746139526 0.3351851999759674 0.9927083253860474 0.3351851999759674 0.9937499761581421 0.33703702688217163 0.9989583492279053 0.33703702688217163 0.9989583492279053 0.3333333432674408 0.9927083253860474 0.3333333432674408 0.9895833134651184 0.3351851999759674 0.9885416626930237 0.3333333432674408 0.9895833134651184 0.3314814865589142 0.984375 0.3314814865589142 0.9833333492279053 0.3296296298503876 0.981249988079071 0.3314814865589142 0.9697916507720947 0.3296296298503876 0.96875 0.32777777314186096 0.9697916507720947 0.32592591643333435 0.9791666865348816 0.32592591643333435 0.9770833253860474 0.32407405972480774 0.9760416746139526 0.32592591643333435 0.9447916746139526 0.32592591643333435 0.9437500238418579 0.32407405972480774 0.9447916746139526 0.3222222328186035 0.9593750238418579 0.3222222328186035 0.9375 0.3222222328186035 0.9364583492279053 0.3185185194015503 0.934374988079071 0.3203703761100769 0.9333333373069763 0.3185185194015503 0.9135416746139526 0.3185185194015503 0.9125000238418579 0.3166666626930237 0.9072916507720947 0.3185185194015503 0.90625 0.3166666626930237 0.8927083611488342 0.3166666626930237 0.8916666507720947 0.31481480598449707
1 0.5385416746139526 0.31481480598449707 0.48750001192092896 0.3055555522441864 0.45520833134651184 0.307407408952713 0.4781250059604645 0.31111112236976624 0.4677083194255829 0.32407405972480774 0.45104166865348816 0.32592591643333435 0.44583332538604736 0.3203703761100769 0.4437499940395355 0.32592591643333435 0.42500001192092896 0.3185185194015503 0.4312500059604645 0.3203703761100769 0.4229166805744171 0.3222222328186035 0.4281249940395355 0.32592591643333435 0.4010416567325592 0.3296296298503876 0.4020833373069763 0.32407405972480774 0.3239583373069763 0.3203703761100769 0.3135416805744171 0.32592591643333435 0.3218750059604645 0.32407405972480774 0.3218750059604645 0.3296296298503876 0.27812498807907104 0.3314814865589142 0.26770833134651184 0.34259259700775146 0.30000001192092896 0.33888888359069824 0.31041666865348816 0.3481481373310089 0.33020833134651184 0.3481481373310089 0.3375000059604645 0.33888888359069824 0.359375 0.33888888359069824 0.3541666567325592 0.3444444537162781 0.4229166805744171 0.3314814865589142 0.45104166865348816 0.3351851999759674 0.46041667461395264 0.3462963104248047 0.38229167461395264 0.35185185074806213 0.39791667461395264 0.35370370745658875 0.3958333432674408 0.3611111044883728 0.41979166865348816 0.35555556416511536 0.49791666865348816 0.3592592477798462 0.503125011920929 0.35555556416511536 0.5010416507720947 0.3481481373310089 0.5093749761581421 0.35555556416511536 0.5041666626930237 0.3462963104248047 0.4895833432674408 0.3499999940395355 0.4749999940395355 0.3462963104248047 0.47083333134651184 0.33888888359069824 0.4645833373069763 0.33888888359069824 0.4645833373069763 0.3444444537162781 0.4416666626930237 0.3314814865589142 0.4895833432674408 0.3333333432674408 0.4833333194255829 0.33703702688217163 0.5229166746139526 0.34259259700775146 0.5302083492279053 0.3333333432674408 0.5197916626930237 0.3296296298503876 0.53125 0.32777777314186096 0.49166667461395264 0.3296296298503876 0.4729166626930237 0.3166666626930237
1 0.6812499761581421 0.30000001192092896 0.6833333373069763 0.3018518388271332 0.6864583492279053 0.3018518388271332 0.6875 0.3055555522441864 0.6885416507720947 0.3037036955356598 0.690625011920929 0.3037036955356598 0.6916666626930237 0.3055555522441864 0.699999988079071 0.3055555522441864 0.7010416388511658 0.307407408952713 0.7104166746139526 0.307407408952713 0.7114583253860474 0.3092592656612396 0.7166666388511658 0.3092592656612396 0.7177083492279053 0.31111112236976624 0.7166666388511658 0.31296294927597046 0.6968749761581421 0.31296294927597046 0.6958333253860474 0.3092592656612396 0.6864583492279053 0.3092592656612396 0.6916666626930237 0.3166666626930237 0.699999988079071 0.3166666626930237 0.6947916746139526 0.3166666626930237 0.6937500238418579 0.31481480598449707 0.6947916746139526 0.31296294927597046 0.7145833373069763 0.31296294927597046 0.715624988079071 0.31481480598449707 0.71875 0.31481480598449707 0.7208333611488342 0.31296294927597046 0.721875011920929 0.31481480598449707 0.7322916388511658 0.31481480598449707 0.7333333492279053 0.3166666626930237 0.7416666746139526 0.3166666626930237 0.7395833134651184 0.3166666626930237 0.7385416626930237 0.31481480598449707 0.7395833134651184 0.31296294927597046 0.7437499761581421 0.31296294927597046 0.7447916865348816 0.31481480598449707 0.7479166388511658 0.31481480598449707 0.7489583492279053 0.3166666626930237 0.7604166865348816 0.3166666626930237 0.7645833492279053 0.31296294927597046 0.7562500238418579 0.31296294927597046 0.7552083134651184 0.31481480598449707 0.753125011920929 0.31481480598449707 0.7520833611488342 0.31296294927597046 0.7479166388511658 0.31296294927597046 0.746874988079071 0.31481480598449707 0.7458333373069763 0.31296294927597046 0.7354166507720947 0.31296294927597046 0.734375 0.31111112236976624 0.721875011920929 0.3092592656612396 0.71875 0.3037036955356598 0.7104166746139526 0.3037036955356598 0.7093750238418579 0.3018518388271332 0.6968749761581421 0.3018518388271332 0.6958333253860474 0.30000001192092896 0.6937500238418579 0.30000001192092896 0.690625011920929 0.3037036955356598 0.6895833611488342 0.3018518388271332 0.6864583492279053 0.3018518388271332 0.6854166388511658 0.30000001192092896
2 0.6000000238418579 0.9962962865829468 0.6000000238418579 0.9981481432914734 0.6343749761581421 0.9981481432914734 0.6333333253860474 0.9962962865829468 0.6322916746139526 0.9962962865829468 0.6312500238418579 0.9944444298744202 0.6302083134651184 0.9944444298744202 0.6291666626930237 0.9925925731658936 0.6270833611488342 0.9925925731658936 0.625 0.9888888597488403 0.6239583492279053 0.9888888597488403 0.6208333373069763 0.9833333492279053 0.6197916865348816 0.9833333492279053 0.6187499761581421 0.9814814925193787 0.6177083253860474 0.9814814925193787 0.6156250238418579 0.9777777791023254 0.6145833134651184 0.9777777791023254 0.6135416626930237 0.9759259223937988 0.612500011920929 0.9777777791023254 0.6114583611488342 0.9777777791023254 0.6104166507720947 0.979629635810852 0.609375 0.979629635810852 0.6083333492279053 0.9814814925193787 0.6083333492279053 0.9833333492279053 0.6072916388511658 0.9851852059364319 0.6072916388511658 0.9870370626449585 0.6052083373069763 0.9907407164573669 0.6041666865348816 0.9907407164573669 0.6031249761581421 0.9925925731658936 0.6020833253860474 0.9925925731658936
2 0.6135416626930237 0.9333333373069763 0.6052083373069763 0.9351851940155029 0.6041666865348816 0.9370370507240295 0.6000000238418579 0.9370370507240295 0.5989583134651184 0.9388889074325562 0.590624988079071 0.9407407641410828 0.5895833373069763 0.9425926208496094 0.5843750238418579 0.9425926208496094 0.5833333134651184 0.9444444179534912 0.578125 0.9444444179534912 0.5770833492279053 0.9462962746620178 0.5708333253860474 0.9462962746620178 0.5697916746139526 0.9481481313705444 0.5635416507720947 0.9481481313705444 0.5625 0.949999988079071 0.5572916865348816 0.949999988079071 0.5562499761581421 0.9518518447875977 0.5510416626930237 0.9518518447875977 0.550000011920929 0.9537037014961243 0.543749988079071 0.9537037014961243 0.5427083373069763 0.9555555582046509 0.5354166626930237 0.9555555582046509 0.534375011920929 0.9574074149131775 0.5270833373069763 0.9574074149131775 0.5260416865348816 0.9592592716217041 0.5166666507720947 0.9592592716217041 0.515625 0.9611111283302307 0.5104166865348816 0.9611111283302307 0.5145833492279053 0.9666666388511658 0.5145833492279053 0.9722222089767456 0.5166666507720947 0.9740740656852722 0.5208333134651184 0.9814814925193787 0.5197916626930237 0.9851852059364319 0.5208333134651184 0.9981481432914734 0.5739583373069763 0.9981481432914734 0.574999988079071 0.9925925731658936 0.578125 0.9851852059364319 0.578125 0.9814814925193787 0.5791666507720947 0.979629635810852 0.5791666507720947 0.9722222089767456 0.5822916626930237 0.9611111283302307 0.5854166746139526 0.9555555582046509 0.5864583253860474 0.9555555582046509 0.5895833373069763 0.949999988079071 0.590624988079071 0.949999988079071 0.5916666388511658 0.9518518447875977 0.5947916507720947 0.9518518447875977 0.6031249761581421 0.9592592716217041 0.6052083373069763 0.9555555582046509 0.6072916388511658 0.9555555582046509 0.609375 0.9518518447875977 0.609375 0.9462962746620178 0.6114583611488342 0.9425926208496094
2 0.7979166507720947 0.644444465637207 0.8354166746139526 0.6888889074325562 0.84375 0.6925926208496094 0.8458333611488342 0.699999988079071 0.8427083492279053 0.7018518447875977 0.8552083373069763 0.7092592716217041 0.8989583253860474 0.7574074268341064 0.9020833373069763 0.7648147940635681 0.9072916507720947 0.7666666507720947 0.9114583134651184 0.7722222208976746 0.9083333611488342 0.7740740776062012 0.918749988079071 0.779629647731781 0.9520833492279053 0.8203703761100769 0.9614583253860474 0.8240740895271301 0.9645833373069763 0.8296296000480652 0.921875 0.8444444537162781 0.9989583492279053 0.9055555462837219 0.9979166388511658 0.8129629492759705 0.9770833253860474 0.7925925850868225 0.9666666388511658 0.7759259343147278 0.9208333492279053 0.720370352268219 0.878125011920929 0.6814814805984497 0.8541666865348816 0.6666666865348816 0.846875011920929 0.6666666865348816 0.840624988079071 0.6722221970558167 0.831250011920929 0.6703703999519348 0.8197916746139526 0.6574074029922485
2 0.7333333492279053 0.5666666626930237 0.734375 0.5685185194015503 0.7354166507720947 0.5685185194015503 0.7364583611488342 0.5703703761100769 0.737500011920929 0.5703703761100769 0.7395833134651184 0.5740740895271301 0.7406250238418579 0.5740740895271301 0.7427083253860474 0.5777778029441833 0.7437499761581421 0.5777778029441833 0.7458333373069763 0.5814814567565918 0.746874988079071 0.5814814567565918 0.7489583492279053 0.585185170173645 0.75 0.585185170173645 0.7541666626930237 0.5925925970077515 0.7552083134651184 0.5925925970077515 0.7583333253860474 0.5981481671333313 0.7593749761581421 0.5981481671333313 0.7583333253860474 0.5962963104248047 0.7583333253860474 0.5925925970077515 0.7552083134651184 0.5870370268821716 0.7541666626930237 0.5870370268821716 0.75 0.5796296000480652 0.7489583492279053 0.5796296000480652 0.7479166388511658 0.5777778029441833 0.746874988079071 0.5777778029441833 0.7458333373069763 0.5759259462356567 0.7447916865348816 0.5759259462356567 0.7437499761581421 0.5740740895271301 0.7427083253860474 0.5740740895271301 0.7416666746139526 0.5722222328186035 0.7395833134651184 0.5722222328186035 0.7385416626930237 0.5703703761100769 0.737500011920929 0.5703703761100769 0.7364583611488342 0.5685185194015503 0.7354166507720947 0.5685185194015503 0.734375 0.5666666626930237
2 0.8125 0.442592591047287 0.8125 0.4444444477558136 0.815625011920929 0.4481481611728668 0.8166666626930237 0.4462963044643402 0.8197916746139526 0.4462963044643402 0.8208333253860474 0.4481481611728668 0.8197916746139526 0.44999998807907104 0.8177083134651184 0.44999998807907104 0.8187500238418579 0.44999998807907104 0.8229166865348816 0.4574074149131775 0.8270833492279053 0.4574074149131775 0.828125 0.4592592716217041 0.8374999761581421 0.4592592716217041 0.8385416865348816 0.4611110985279083 0.8510416746139526 0.4611110985279083 0.8520833253860474 0.4592592716217041 0.8656250238418579 0.4611110985279083 0.8666666746139526 0.4592592716217041 0.871874988079071 0.4592592716217041 0.875 0.46296295523643494 0.878125011920929 0.46296295523643494 0.8791666626930237 0.46481481194496155 0.8812500238418579 0.4611110985279083 0.8843749761581421 0.4611110985279083 0.8864583373069763 0.46296295523643494 0.8854166865348816 0.4611110985279083 0.8864583373069763 0.4592592716217041 0.8885416388511658 0.4611110985279083 0.8927083611488342 0.4611110985279083 0.893750011920929 0.4592592716217041 0.8979166746139526 0.4611110985279083 0.8989583253860474 0.4592592716217041 0.9010416865348816 0.4592592716217041 0.9020833373069763 0.4611110985279083 0.9104166626930237 0.4611110985279083 0.9114583134651184 0.46296295523643494 0.9166666865348816 0.46296295523643494 0.9166666865348816 0.4611110985279083 0.9125000238418579 0.4574074149131775 0.909375011920929 0.4574074149131775 0.9083333611488342 0.4555555582046509 0.8979166746139526 0.4555555582046509 0.8968750238418579 0.45370370149612427 0.8833333253860474 0.45370370149612427 0.8822916746139526 0.45185184478759766 0.8687499761581421 0.45185184478759766 0.8677083253860474 0.44999998807907104 0.8531249761581421 0.44999998807907104 0.8520833253860474 0.4481481611728668 0.8479166626930237 0.4481481611728668 0.846875011920929 0.4462963044643402 0.8374999761581421 0.4444444477558136 0.8364583253860474 0.442592591047287 0.8333333134651184 0.442592591047287 0.8322916626930237 0.4407407343387604 0.828125 0.4407407343387604 0.8270833492279053 0.43888887763023376 0.828125 0.43703705072402954 0.8239583373069763 0.43703705072402954 0.8197916746139526 0.4333333373069763 0.8177083134651184 0.4333333373069763 0.8197916746139526 0.43518519401550293 0.8208333253860474 0.43888887763023376 0.8239583373069763 0.43888887763023376 0.8260416388511658 0.442592591047287 0.824999988079071 0.4444444477558136 0.8177083134651184 0.4444444477558136 0.8166666626930237 0.442592591047287
2 0.9281250238418579 0.4333333373069763 0.9312499761581421 0.4333333373069763 0.9322916865348816 0.43518519401550293 0.9354166388511658 0.43518519401550293 0.9364583492279053 0.43703705072402954 0.9520833492279053 0.43703705072402954 0.953125 0.43888887763023376 0.9572916626930237 0.43888887763023376 0.956250011920929 0.43888887763023376 0.9552083611488342 0.43703705072402954 0.9510416388511658 0.43703705072402954 0.949999988079071 0.43518519401550293 0.9510416388511658 0.4333333373069763 0.9583333134651184 0.4333333373069763 0.9593750238418579 0.43518519401550293 0.9624999761581421 0.43518519401550293 0.9593750238418579 0.43518519401550293 0.9583333134651184 0.4333333373069763 0.9552083611488342 0.4333333373069763 0.9541666507720947 0.4314814805984497 0.9489583373069763 0.4314814805984497 0.9479166865348816 0.4296296238899231 0.9437500238418579 0.4296296238899231 0.9427083134651184 0.4314814805984497 0.940625011920929 0.4277777671813965 0.9385416507720947 0.4314814805984497 0.9375 0.4296296238899231 0.9375 0.4277777671813965 0.9333333373069763 0.4277777671813965 0.9322916865348816 0.42592594027519226 0.9302083253860474 0.42592594027519226 0.9322916865348816 0.4296296238899231 0.9333333373069763 0.4296296238899231 0.934374988079071 0.4314814805984497 0.9333333373069763 0.4333333373069763
2 0.7854166626930237 0.40740740299224854 0.7854166626930237 0.40925925970077515 0.7895833253860474 0.40925925970077515 0.7906249761581421 0.41111111640930176 0.7906249761581421 0.4148148000240326 0.7927083373069763 0.41296297311782837 0.7947916388511658 0.4166666567325592 0.7947916388511658 0.4185185134410858 0.7989583611488342 0.42222222685813904 0.8041666746139526 0.4203703701496124 0.8072916865348816 0.42407408356666565 0.8208333253860474 0.42407408356666565 0.8218749761581421 0.42222222685813904 0.8260416388511658 0.42407408356666565 0.8270833492279053 0.4203703701496124 0.828125 0.42222222685813904 0.831250011920929 0.42222222685813904 0.8322916626930237 0.42407408356666565 0.8343750238418579 0.42407408356666565 0.8354166746139526 0.42222222685813904 0.8374999761581421 0.42592594027519226 0.8458333611488342 0.42407408356666565 0.8500000238418579 0.4277777671813965 0.8541666865348816 0.4277777671813965 0.8552083373069763 0.42592594027519226 0.8572916388511658 0.42592594027519226 0.8583333492279053 0.4277777671813965 0.8656250238418579 0.4277777671813965 0.8666666746139526 0.42592594027519226 0.8770833611488342 0.42592594027519226 0.8739583492279053 0.42592594027519226 0.8729166388511658 0.42407408356666565 0.8739583492279053 0.42222222685813904 0.8802083134651184 0.42222222685813904 0.8812500238418579 0.42407408356666565 0.8843749761581421 0.42407408356666565 0.887499988079071 0.4277777671813965 0.8895833492279053 0.42592594027519226 0.890625 0.4277777671813965 0.8968750238418579 0.4277777671813965 0.8979166746139526 0.4296296238899231 0.9052083492279053 0.4296296238899231 0.903124988079071 0.4277777671813965 0.8989583253860474 0.4277777671813965 0.8979166746139526 0.42592594027519226 0.893750011920929 0.42592594027519226 0.8927083611488342 0.42407408356666565 0.887499988079071 0.42407408356666565 0.8864583373069763 0.42222222685813904 0.8802083134651184 0.42222222685813904 0.8791666626930237 0.4203703701496124 0.8739583492279053 0.4203703701496124 0.8729166388511658 0.4185185134410858 0.8677083253860474 0.4185185134410858 0.8666666746139526 0.4166666567325592 0.8614583611488342 0.4166666567325592 0.8604166507720947 0.4148148000240326 0.8489583134651184 0.41296297311782837 0.8479166626930237 0.41111111640930176 0.84375 0.41111111640930176 0.8427083492279053 0.40925925970077515 0.8333333134651184 0.40925925970077515 0.8322916626930237 0.40740740299224854 0.8260416388511658 0.40740740299224854 0.824999988079071 0.4055555462837219 0.8197916746139526 0.4055555462837219 0.8187500238418579 0.4037036895751953 0.8125 0.4037036895751953 0.8114583492279053 0.4018518626689911 0.8010416626930237 0.4018518626689911 0.800000011920929 0.4000000059604645 0.7927083373069763 0.4000000059604645 0.7916666865348816 0.39814814925193787 0.7927083373069763 0.4000000059604645 0.7947916388511658 0.4000000059604645 0.7958333492279053 0.4018518626689911 0.7947916388511658 0.4037036895751953
2 0.4749999940395355 0.39629629254341125 0.2927083373069763 0.4037036895751953 0.31041666865348816 0.40925925970077515 0.28958332538604736 0.4166666567325592 0.2916666567325592 0.43703705072402954 0.25312501192092896 0.4574074149131775 0.12812499701976776 0.49074074625968933 0.09166666865348816 0.4870370328426361 0.11354167014360428 0.4722222089767456 0.27812498807907104 0.43518519401550293 0.1822916716337204 0.4296296238899231 0.2802083194255829 0.41111111640930176 0.2718749940395355 0.4055555462837219 0.3062500059604645 0.38333332538604736 0.18020834028720856 0.4148148000240326 0.16770833730697632 0.4314814805984497 0.0 0.43888887763023376 0.0 0.9981481432914734 0.18958333134651184 0.9981481432914734 0.1822916716337204 0.9259259104728699 0.17395833134651184 0.9185185432434082 0.18854166567325592 0.8722222447395325 0.22083333134651184 0.8370370268821716 0.20104166865348816 0.7685185074806213 0.19687500596046448 0.7185184955596924 0.23541666567325592 0.6462963223457336 0.3395833373069763 0.5981481671333313 0.34583333134651184 0.5722222328186035 0.359375 0.5666666626930237 0.3385416567325592 0.5370370149612427 0.3489583432674408 0.49444442987442017 0.31562501192092896 0.4462963044643402 0.3270833194255829 0.4296296238899231 0.375 0.41111111640930176
2 0.0 0.4333333373069763 0.0031250000465661287 0.4333333373069763 0.004166666883975267 0.4314814805984497 0.008333333767950535 0.4314814805984497 0.00937500037252903 0.4296296238899231 0.014583333395421505 0.4296296238899231 0.015625 0.4277777671813965 0.01770833320915699 0.4277777671813965 0.01875000074505806 0.42592594027519226 0.02291666716337204 0.42592594027519226 0.02395833283662796 0.42407408356666565 0.02604166604578495 0.42407408356666565 0.02708333358168602 0.42222222685813904 0.02916666679084301 0.42222222685813904 0.03229166567325592 0.4185185134410858 0.03437500074505806 0.4185185134410858 0.03541666641831398 0.4166666567325592 0.03750000149011612 0.4166666567325592 0.03854166716337204 0.4148148000240326 0.04062499850988388 0.4148148000240326 0.0416666679084301 0.41296297311782837 0.04374999925494194 0.41296297311782837 0.046875 0.40925925970077515 0.05000000074505806 0.40925925970077515 0.05104166641831398 0.40740740299224854 0.05312500149011612 0.40740740299224854 0.05416666716337204 0.4055555462837219 0.05833333358168602 0.4055555462837219 0.05937499925494194 0.4037036895751953 0.05937499925494194 0.4000000059604645 0.05833333358168602 0.4000000059604645 0.0572916679084301 0.39814814925193787 0.0572916679084301 0.39629629254341125 0.05833333358168602 0.39444443583488464 0.05416666716337204 0.39444443583488464 0.05312500149011612 0.39629629254341125 0.04062499850988388 0.39629629254341125 0.03958333283662796 0.39444443583488464 0.03750000149011612 0.39444443583488464 0.0364583320915699 0.39629629254341125 0.03125 0.39629629254341125 0.03020833246409893 0.39444443583488464 0.02500000037252903 0.39444443583488464 0.02395833283662796 0.39259257912635803 0.02187499962747097 0.39259257912635803 0.02083333395421505 0.3907407522201538 0.01875000074505806 0.3907407522201538 0.01770833320915699 0.3888888955116272 0.012500000186264515 0.3888888955116272 0.01145833358168602 0.3870370388031006 0.010416666977107525 0.3870370388031006 0.00937500037252903 0.385185182094574 0.008333333767950535 0.385185182094574 0.0052083334885537624 0.38148146867752075 0.0 0.38148146867752075
2 0.7010416388511658 0.37037035822868347 0.7072916626930237 0.3759259283542633 0.7416666746139526 0.37962964177131653 0.7416666746139526 0.38333332538604736 0.7604166865348816 0.38148146867752075 0.7604166865348816 0.385185182094574 0.7718750238418579 0.3907407522201538 0.8343750238418579 0.4000000059604645 0.8895833492279053 0.4166666567325592 0.9125000238418579 0.4203703701496124 0.9281250238418579 0.4185185134410858 0.9635416865348816 0.4296296238899231 0.9666666388511658 0.4333333373069763 0.9645833373069763 0.43703705072402954 0.9739583134651184 0.43518519401550293 0.9739583134651184 0.43888887763023376 0.9989583492279053 0.4444444477558136 0.9989583492279053 0.40925925970077515 0.987500011920929 0.41296297311782837 0.9510416388511658 0.41111111640930176 0.9572916626930237 0.4203703701496124 0.953125 0.42222222685813904 0.9395833611488342 0.4185185134410858 0.9364583492279053 0.4148148000240326 0.9385416507720947 0.41296297311782837 0.890625 0.40740740299224854 0.8385416865348816 0.3888888955116272 0.8187500238418579 0.385185182094574 0.796875 0.3888888955116272 0.778124988079071 0.3870370388031006 0.778124988079071 0.38333332538604736 0.7822916507720947 0.38333332538604736 0.7729166746139526 0.37962964177131653 0.7718750238418579 0.3740740716457367 0.7677083611488342 0.3722222149372101 0.7802083492279053 0.37037035822868347
2 0.9437500238418579 0.35185185074806213 0.9447916746139526 0.35185185074806213 0.9458333253860474 0.35370370745658875 0.953125 0.35370370745658875 0.9541666507720947 0.35555556416511536 0.9614583253860474 0.35555556416511536 0.9624999761581421 0.35740742087364197 0.9697916507720947 0.35740742087364197 0.9708333611488342 0.3592592477798462 0.9781249761581421 0.3592592477798462 0.9791666865348816 0.3611111044883728 0.9864583611488342 0.3611111044883728 0.987500011920929 0.3629629611968994 0.9989583492279053 0.3629629611968994 0.9989583492279053 0.35370370745658875 0.9979166388511658 0.35370370745658875 0.996874988079071 0.35185185074806213
2 0.3135416805744171 0.37962964177131653 0.3343749940395355 0.37962964177131653 0.328125 0.39259257912635803 0.44062501192092896 0.3740740716457367 0.43958333134651184 0.38333332538604736 0.49791666865348816 0.37962964177131653 0.5052083134651184 0.3888888955116272 0.484375 0.39444443583488464 0.4947916567325592 0.39629629254341125 0.4854166805744171 0.4018518626689911 0.5989583134651184 0.46851852536201477 0.5874999761581421 0.45370370149612427 0.5291666388511658 0.4277777671813965 0.5229166746139526 0.41111111640930176 0.5614583492279053 0.4148148000240326 0.5697916746139526 0.42407408356666565 0.5645833611488342 0.42592594027519226 0.5833333134651184 0.4296296238899231 0.6197916865348816 0.48148149251937866 0.6489583253860474 0.5018518567085266 0.7197916507720947 0.49074074625968933 0.8229166865348816 0.5481481552124023 0.8531249761581421 0.5444444417953491 0.856249988079071 0.5518518686294556 0.8322916626930237 0.5537037253379822 0.9989583492279053 0.6388888955116272 0.996874988079071 0.5722222328186035 0.934374988079071 0.5333333611488342 0.778124988079071 0.46666666865348816 0.7437499761581421 0.4314814805984497 0.7416666746139526 0.4166666567325592 0.690625011920929 0.36851853132247925 0.6333333253860474 0.36851853132247925 0.6395833492279053 0.3592592477798462 0.621874988079071 0.3611111044883728 0.6166666746139526 0.3499999940395355 0.5760416388511658 0.37037035822868347 0.546875 0.37037035822868347 0.5562499761581421 0.3611111044883728 0.5135416388511658 0.36851853132247925 0.5041666626930237 0.3499999940395355 0.49791666865348816 0.3611111044883728 0.3958333432674408 0.3629629611968994 0.39791667461395264 0.35555556416511536 0.36770832538604736 0.35185185074806213
2 0.3760416805744171 0.3462963104248047 0.37812501192092896 0.3462963104248047 0.3791666626930237 0.3444444537162781 0.3854166567325592 0.3444444537162781 0.3864583373069763 0.34259259700775146 0.3968749940395355 0.34259259700775146 0.39791667461395264 0.34074074029922485 0.42395833134651184 0.34074074029922485 0.42500001192092896 0.34259259700775146 0.42395833134651184 0.3444444537162781 0.4229166805744171 0.3444444537162781 0.4229166805744171 0.3462963104248047 0.42395833134651184 0.3481481373310089 0.42500001192092896 0.3481481373310089 0.4260416626930237 0.3462963104248047 0.4270833432674408 0.3462963104248047 0.4281249940395355 0.3481481373310089 0.42916667461395264 0.3481481373310089 0.43020832538604736 0.3462963104248047 0.43958333134651184 0.3462963104248047 0.4385416805744171 0.3444444537162781 0.44062501192092896 0.34074074029922485 0.4437499940395355 0.34074074029922485 0.4437499940395355 0.33888888359069824 0.4416666626930237 0.33888888359069824 0.44062501192092896 0.33703702688217163 0.40833333134651184 0.33703702688217163 0.4072916805744171 0.33888888359069824 0.39895832538604736 0.33888888359069824 0.39791667461395264 0.33703702688217163 0.38749998807907104 0.33703702688217163 0.3864583373069763 0.33888888359069824 0.37708333134651184 0.33888888359069824 0.37812501192092896 0.33888888359069824 0.3791666626930237 0.34074074029922485 0.3791666626930237 0.34259259700775146
2 0.3333333432674408 0.3333333432674408 0.3343749940395355 0.3351851999759674 0.34687501192092896 0.3351851999759674 0.3479166626930237 0.3333333432674408 0.3541666567325592 0.3333333432674408 0.3552083373069763 0.3351851999759674 0.35624998807907104 0.3351851999759674 0.35729166865348816 0.3333333432674408 0.3583333194255829 0.3333333432674408 0.359375 0.3351851999759674 0.3645833432674408 0.3351851999759674 0.3656249940395355 0.3333333432674408 0.3645833432674408 0.3333333432674408 0.3635416626930237 0.3314814865589142 0.3541666567325592 0.3314814865589142 0.3531250059604645 0.3333333432674408 0.3489583432674408 0.3333333432674408 0.3479166626930237 0.3314814865589142 0.3375000059604645 0.3314814865589142 0.33645832538604736 0.3333333432674408
2 0.5541666746139526 0.33703702688217163 0.5552083253860474 0.33888888359069824 0.5864583253860474 0.33888888359069824 0.5874999761581421 0.34074074029922485 0.590624988079071 0.34074074029922485 0.5916666388511658 0.34259259700775146 0.5979166626930237 0.34259259700775146 0.5989583134651184 0.3444444537162781 0.6041666865348816 0.3444444537162781 0.6052083373069763 0.3462963104248047 0.6145833134651184 0.3462963104248047 0.606249988079071 0.3462963104248047 0.6052083373069763 0.3444444537162781 0.6052083373069763 0.34259259700775146 0.5947916507720947 0.34259259700775146 0.59375 0.34074074029922485 0.5874999761581421 0.34074074029922485 0.5864583253860474 0.33888888359069824 0.5791666507720947 0.33888888359069824 0.578125 0.33703702688217163 0.5729166865348816 0.33703702688217163 0.5718749761581421 0.33888888359069824 0.5687500238418579 0.33888888359069824 0.5677083134651184 0.33703702688217163 0.565625011920929 0.33703702688217163 0.5645833611488342 0.3351851999759674 0.5666666626930237 0.3314814865589142 0.5697916746139526 0.3314814865589142 0.5708333253860474 0.3333333432674408 0.5739583373069763 0.3333333432674408 0.574999988079071 0.3314814865589142 0.5677083134651184 0.3314814865589142 0.5666666626930237 0.3296296298503876 0.5625 0.3296296298503876 0.5614583492279053 0.32777777314186096 0.5583333373069763 0.32777777314186096 0.5583333373069763 0.3314814865589142 0.5572916865348816 0.3333333432674408 0.5572916865348816 0.3351851999759674 0.5562499761581421 0.33703702688217163
2 0.8229166865348816 0.3222222328186035 0.8447916507720947 0.3222222328186035 0.8458333611488342 0.32407405972480774 0.856249988079071 0.32407405972480774 0.8572916388511658 0.32592591643333435 0.8677083253860474 0.32592591643333435 0.8687499761581421 0.32777777314186096 0.875 0.32777777314186096 0.8760416507720947 0.32592591643333435 0.893750011920929 0.32592591643333435 0.8729166388511658 0.32592591643333435 0.871874988079071 0.32407405972480774 0.8500000238418579 0.32407405972480774 0.8489583134651184 0.3222222328186035
2 0.6479166746139526 0.3203703761100769 0.6520833373069763 0.3203703761100769 0.653124988079071 0.3222222328186035 0.6729166507720947 0.3222222328186035 0.6739583611488342 0.32407405972480774 0.6791666746139526 0.32407405972480774 0.6854166388511658 0.32777777314186096 0.7041666507720947 0.3296296298503876 0.7052083611488342 0.3314814865589142 0.7083333134651184 0.3314814865589142 0.7093750238418579 0.3333333432674408 0.7083333134651184 0.3351851999759674 0.7229166626930237 0.33703702688217163 0.7239583134651184 0.33888888359069824 0.734375 0.33703702688217163 0.7354166507720947 0.33888888359069824 0.734375 0.34074074029922485 0.731249988079071 0.34074074029922485 0.7385416626930237 0.33888888359069824 0.7395833134651184 0.34259259700775146 0.7541666626930237 0.34259259700775146 0.7552083134651184 0.3444444537162781 0.7541666626930237 0.3462963104248047 0.746874988079071 0.3462963104248047 0.7479166388511658 0.3481481373310089 0.753125011920929 0.3481481373310089 0.7541666626930237 0.3462963104248047 0.7572916746139526 0.3481481373310089 0.7562500238418579 0.3462963104248047 0.7572916746139526 0.3444444537162781 0.7614583373069763 0.3444444537162781 0.762499988079071 0.34259259700775146 0.7697916626930237 0.34259259700775146 0.7708333134651184 0.3444444537162781 0.7739583253860474 0.34259259700775146 0.7833333611488342 0.34259259700775146 0.7635416388511658 0.33888888359069824 0.762499988079071 0.33703702688217163 0.7562500238418579 0.33703702688217163 0.7552083134651184 0.3351851999759674 0.7437499761581421 0.3351851999759674 0.7427083253860474 0.3333333432674408 0.7354166507720947 0.3333333432674408 0.734375 0.3314814865589142 0.7250000238418579 0.3314814865589142 0.7239583134651184 0.3296296298503876 0.6958333253860474 0.32777777314186096 0.6947916746139526 0.32592591643333435 0.6895833611488342 0.32592591643333435 0.6854166388511658 0.3222222328186035 0.690625011920929 0.3185185194015503 0.6916666626930237 0.3203703761100769 0.6927083134651184 0.3185185194015503 0.6979166865348816 0.3185185194015503 0.675000011920929 0.3185185194015503 0.6739583611488342 0.3203703761100769 0.659375011920929 0.3185185194015503 0.6583333611488342 0.3203703761100769
2 0.59375 0.3185185194015503 0.6000000238418579 0.3185185194015503 0.6010416746139526 0.3203703761100769 0.6052083373069763 0.3203703761100769 0.606249988079071 0.3222222328186035 0.6114583611488342 0.3222222328186035 0.6135416626930237 0.32592591643333435 0.6187499761581421 0.32592591643333435 0.6197916865348816 0.32777777314186096 0.6229166388511658 0.32777777314186096 0.6239583492279053 0.3296296298503876 0.6270833611488342 0.3296296298503876 0.628125011920929 0.3314814865589142 0.6302083134651184 0.3314814865589142 0.6312500238418579 0.3333333432674408 0.6385416388511658 0.3333333432674408 0.6395833492279053 0.3351851999759674 0.640625 0.3351851999759674 0.6416666507720947 0.3333333432674408 0.643750011920929 0.3333333432674408 0.640625 0.3333333432674408 0.6395833492279053 0.3314814865589142 0.6354166865348816 0.3314814865589142 0.6343749761581421 0.3296296298503876 0.625 0.3296296298503876 0.6239583492279053 0.32777777314186096 0.621874988079071 0.32777777314186096 0.6208333373069763 0.32592591643333435 0.6197916865348816 0.32592591643333435 0.6187499761581421 0.32407405972480774 0.6156250238418579 0.32407405972480774 0.6145833134651184 0.3222222328186035 0.6104166507720947 0.3222222328186035 0.6083333492279053 0.3185185194015503 0.609375 0.3166666626930237 0.6114583611488342 0.3166666626930237 0.6000000238418579 0.3166666626930237 0.5989583134651184 0.3185185194015503
2 0.5666666626930237 0.3166666626930237 0.5677083134651184 0.3185185194015503 0.5687500238418579 0.3185185194015503 0.5697916746139526 0.3203703761100769 0.5708333253860474 0.3203703761100769 0.5718749761581421 0.3222222328186035 0.5760416388511658 0.3222222328186035 0.5770833492279053 0.32407405972480774 0.5791666507720947 0.32407405972480774 0.5802083611488342 0.32592591643333435 0.581250011920929 0.32592591643333435 0.5822916626930237 0.32777777314186096 0.5843750238418579 0.32777777314186096 0.5854166746139526 0.3296296298503876 0.5874999761581421 0.3296296298503876 0.5885416865348816 0.3314814865589142 0.590624988079071 0.3314814865589142 0.5916666388511658 0.3333333432674408 0.59375 0.3333333432674408 0.5947916507720947 0.3351851999759674 0.6020833253860474 0.3351851999759674 0.5989583134651184 0.3351851999759674 0.5979166626930237 0.3333333432674408 0.6000000238418579 0.3296296298503876 0.5989583134651184 0.3296296298503876 0.5979166626930237 0.3314814865589142 0.596875011920929 0.3314814865589142 0.5958333611488342 0.3296296298503876 0.59375 0.3296296298503876 0.5927083492279053 0.32777777314186096 0.5895833373069763 0.32777777314186096 0.5874999761581421 0.32407405972480774 0.5874999761581421 0.3222222328186035 0.5895833373069763 0.3185185194015503 0.5916666388511658 0.3185185194015503 0.590624988079071 0.3185185194015503 0.5895833373069763 0.3166666626930237
2 0.49166667461395264 0.3166666626930237 0.4947916567325592 0.3166666626930237 0.4958333373069763 0.3185185194015503 0.49791666865348816 0.3185185194015503 0.4989583194255829 0.3166666626930237 0.5 0.3166666626930237 0.5010416507720947 0.3185185194015503 0.5010416507720947 0.3203703761100769 0.5072916746139526 0.3203703761100769 0.5083333253860474 0.3222222328186035 0.5166666507720947 0.3222222328186035 0.5177083611488342 0.32407405972480774 0.5260416865348816 0.32407405972480774 0.5270833373069763 0.32592591643333435 0.5333333611488342 0.32592591643333435 0.5322916507720947 0.32592591643333435 0.53125 0.32407405972480774 0.528124988079071 0.32407405972480774 0.5270833373069763 0.3222222328186035 0.528124988079071 0.3203703761100769 0.5354166626930237 0.3203703761100769 0.5249999761581421 0.3203703761100769 0.5239583253860474 0.3185185194015503 0.5041666626930237 0.3185185194015503 0.503125011920929 0.3166666626930237
2 0.7197916507720947 0.31481480598449707 0.7208333611488342 0.3185185194015503 0.7260416746139526 0.3166666626930237 0.7270833253860474 0.3203703761100769 0.737500011920929 0.3222222328186035 0.7354166507720947 0.3222222328186035 0.7354166507720947 0.3185185194015503 0.7510416507720947 0.3203703761100769 0.7510416507720947 0.32407405972480774 0.7406250238418579 0.32407405972480774 0.7666666507720947 0.3222222328186035 0.765625 0.3296296298503876 0.796875 0.33703702688217163 0.8229166865348816 0.33888888359069824 0.846875011920929 0.3462963104248047 0.856249988079071 0.3444444537162781 0.8614583611488342 0.3462963104248047 0.8614583611488342 0.3499999940395355 0.8729166388511658 0.3499999940395355 0.8802083134651184 0.35370370745658875 0.925000011920929 0.35185185074806213 0.8416666388511658 0.34074074029922485 0.840624988079071 0.33888888359069824 0.8427083492279053 0.3351851999759674 0.8010416626930237 0.3296296298503876 0.7895833253860474 0.3314814865589142 0.7885416746139526 0.3296296298503876 0.7906249761581421 0.32592591643333435 0.7791666388511658 0.32777777314186096 0.7770833373069763 0.3222222328186035 0.7614583373069763 0.3222222328186035 0.7614583373069763 0.3166666626930237 0.8135416507720947 0.3166666626930237 0.7958333492279053 0.3185185194015503 0.7833333611488342 0.31481480598449707 0.7635416388511658 0.31481480598449707 0.7604166865348816 0.3185185194015503 0.7489583492279053 0.3185185194015503 0.7395833134651184 0.31481480598449707 0.7416666746139526 0.31481480598449707 0.7416666746139526 0.3185185194015503 0.721875011920929 0.3166666626930237 0.721875011920929 0.31296294927597046 0.7302083373069763 0.31296294927597046
2 0.4489583373069763 0.31481480598449707 0.2718749940395355 0.31296294927597046 0.17604166269302368 0.33888888359069824 0.09270833432674408 0.35185185074806213 0.05312500149011612 0.36851853132247925 0.06562499701976776 0.37037035822868347 0.06666667014360428 0.3759259283542633 0.06041666492819786 0.38148146867752075 0.08020833134651184 0.37962964177131653 0.09166666865348816 0.3740740716457367 0.0885416641831398 0.37037035822868347 0.10625000298023224 0.3611111044883728 0.14791665971279144 0.3611111044883728 0.1510416716337204 0.36666667461395264 0.12708333134651184 0.36851853132247925 0.14270833134651184 0.37037035822868347 0.18437500298023224 0.36851853132247925 0.19895833730697632 0.3592592477798462 0.2239583283662796 0.35555556416511536 0.20520833134651184 0.35740742087364197 0.20416666567325592 0.35185185074806213 0.20937499403953552 0.3462963104248047 0.2291666716337204 0.3444444537162781 0.23333333432674408 0.3481481373310089 0.23020833730697632 0.3499999940395355 0.23749999701976776 0.3499999940395355 0.23333333432674408 0.3481481373310089 0.26875001192092896 0.34074074029922485 0.27291667461395264 0.33703702688217163 0.2697916626930237 0.3333333432674408 0.2750000059604645 0.3351851999759674 0.27812498807907104 0.3296296298503876 0.3218750059604645 0.32777777314186096 0.3125 0.32592591643333435 0.3239583373069763 0.3185185194015503 0.3583333194255829 0.3166666626930237 0.35624998807907104 0.3203703761100769 0.3697916567325592 0.3222222328186035 0.38749998807907104 0.3185185194015503 0.40312498807907104 0.32407405972480774 0.4124999940395355 0.31481480598449707
2 0.7927083373069763 0.307407408952713 0.7989583611488342 0.307407408952713 0.800000011920929 0.3092592656612396 0.809374988079071 0.3092592656612396 0.8104166388511658 0.31111112236976624 0.8239583373069763 0.31111112236976624 0.824999988079071 0.31296294927597046 0.8364583253860474 0.31296294927597046 0.8374999761581421 0.31481480598449707 0.8541666865348816 0.31481480598449707 0.8552083373069763 0.3166666626930237 0.8666666746139526 0.3166666626930237 0.8677083253860474 0.31481480598449707 0.8687499761581421 0.31481480598449707 0.8697916865348816 0.3166666626930237 0.871874988079071 0.3166666626930237 0.8729166388511658 0.3185185194015503 0.8822916746139526 0.3185185194015503 0.8770833611488342 0.3185185194015503 0.8760416507720947 0.3166666626930237 0.8739583492279053 0.3166666626930237 0.8729166388511658 0.31481480598449707 0.84375 0.31481480598449707 0.8427083492279053 0.31296294927597046 0.8416666388511658 0.31296294927597046 0.840624988079071 0.31481480598449707 0.8374999761581421 0.31481480598449707 0.8364583253860474 0.31296294927597046 0.831250011920929 0.31296294927597046 0.8302083611488342 0.31111112236976624 0.831250011920929 0.3092592656612396 0.8489583134651184 0.3092592656612396 0.840624988079071 0.3092592656612396 0.8395833373069763 0.307407408952713 0.831250011920929 0.307407408952713 0.8302083611488342 0.3055555522441864 0.8187500238418579 0.3055555522441864 0.8187500238418579 0.307407408952713 0.8177083134651184 0.3092592656612396 0.8010416626930237 0.3092592656612396 0.800000011920929 0.307407408952713
2 0.4885416626930237 0.3018518388271332 0.4937500059604645 0.3092592656612396 0.5302083492279053 0.3092592656612396 0.53125 0.31111112236976624 0.5375000238418579 0.31111112236976624 0.5385416746139526 0.307407408952713 0.5562499761581421 0.307407408952713 0.5572916865348816 0.3092592656612396 0.581250011920929 0.3092592656612396 0.5822916626930237 0.307407408952713 0.5895833373069763 0.307407408952713 0.590624988079071 0.3092592656612396 0.6000000238418579 0.3092592656612396 0.6010416746139526 0.31111112236976624 0.6135416626930237 0.31111112236976624 0.6166666746139526 0.307407408952713 0.6104166507720947 0.307407408952713 0.609375 0.3055555522441864 0.6083333492279053 0.307407408952713 0.6072916388511658 0.3055555522441864 0.5697916746139526 0.3055555522441864 0.5687500238418579 0.3037036955356598 0.5666666626930237 0.3055555522441864 0.5625 0.3055555522441864 0.5614583492279053 0.3037036955356598 0.5322916507720947 0.3037036955356598 0.53125 0.3018518388271332
3 0.5885416865348816 0.3222222328186035 0.5885416865348816 0.32407405972480774 0.5895833373069763 0.32592591643333435 0.5927083492279053 0.32592591643333435 0.59375 0.32777777314186096 0.5958333611488342 0.32777777314186096 0.596875011920929 0.3296296298503876 0.5979166626930237 0.3296296298503876 0.5989583134651184 0.32777777314186096 0.6000000238418579 0.32777777314186096 0.6010416746139526 0.3296296298503876 0.5989583134651184 0.3333333432674408 0.6020833253860474 0.3333333432674408 0.6031249761581421 0.3351851999759674 0.6020833253860474 0.33703702688217163 0.596875011920929 0.33703702688217163 0.6083333492279053 0.33703702688217163 0.609375 0.3351851999759674 0.6166666746139526 0.3351851999759674 0.6177083253860474 0.3333333432674408 0.6208333373069763 0.3333333432674408 0.621874988079071 0.3351851999759674 0.621874988079071 0.33888888359069824 0.6208333373069763 0.34074074029922485 0.6208333373069763 0.34259259700775146 0.621874988079071 0.3444444537162781 0.6229166388511658 0.3444444537162781 0.6239583492279053 0.3462963104248047 0.6302083134651184 0.3462963104248047 0.6312500238418579 0.3481481373310089 0.6333333253860474 0.3481481373310089 0.6343749761581421 0.3462963104248047 0.6395833492279053 0.3462963104248047 0.640625 0.3444444537162781 0.6385416388511658 0.34074074029922485 0.637499988079071 0.34074074029922485 0.6343749761581421 0.3351851999759674 0.6312500238418579 0.3351851999759674 0.6302083134651184 0.3333333432674408 0.628125011920929 0.3333333432674408 0.6270833611488342 0.3314814865589142 0.6239583492279053 0.3314814865589142 0.6229166388511658 0.3296296298503876 0.6197916865348816 0.3296296298503876 0.6187499761581421 0.32777777314186096 0.6135416626930237 0.32777777314186096 0.6114583611488342 0.32407405972480774 0.606249988079071 0.32407405972480774 0.6052083373069763 0.3222222328186035 0.6010416746139526 0.3222222328186035 0.6000000238418579 0.3203703761100769 0.59375 0.3203703761100769 0.5927083492279053 0.3185185194015503 0.5916666388511658 0.3203703761100769 0.5895833373069763 0.3203703761100769
3 0.621874988079071 0.3203703761100769 0.621874988079071 0.32592591643333435 0.6239583492279053 0.32592591643333435 0.625 0.32777777314186096 0.6343749761581421 0.32777777314186096 0.6354166865348816 0.3296296298503876 0.6395833492279053 0.3296296298503876 0.640625 0.3314814865589142 0.643750011920929 0.3314814865589142 0.6447916626930237 0.3333333432674408 0.643750011920929 0.3351851999759674 0.6416666507720947 0.3351851999759674 0.643750011920929 0.3351851999759674 0.6447916626930237 0.33703702688217163 0.6520833373069763 0.33703702688217163 0.6541666388511658 0.34074074029922485 0.65625 0.34074074029922485 0.659375011920929 0.3444444537162781 0.6802083253860474 0.3444444537162781 0.6812499761581421 0.3462963104248047 0.6833333373069763 0.3462963104248047 0.684374988079071 0.3481481373310089 0.6864583492279053 0.3481481373310089 0.6895833611488342 0.34259259700775146 0.6989583373069763 0.34259259700775146 0.699999988079071 0.34074074029922485 0.7020833492279053 0.34074074029922485 0.703125 0.33888888359069824 0.703125 0.33703702688217163 0.7020833492279053 0.33703702688217163 0.7010416388511658 0.3351851999759674 0.6989583373069763 0.3351851999759674 0.6979166865348816 0.3333333432674408 0.6937500238418579 0.3333333432674408 0.6927083134651184 0.3314814865589142 0.690625011920929 0.3314814865589142 0.6895833611488342 0.3296296298503876 0.6812499761581421 0.3296296298503876 0.6791666746139526 0.32592591643333435 0.6739583611488342 0.32592591643333435 0.6729166507720947 0.32407405972480774 0.6635416746139526 0.32407405972480774 0.6625000238418579 0.32592591643333435 0.6635416746139526 0.32777777314186096 0.6625000238418579 0.3296296298503876 0.659375011920929 0.3314814865589142 0.6583333611488342 0.3296296298503876 0.6552083492279053 0.3296296298503876 0.653124988079071 0.32592591643333435 0.6489583253860474 0.32592591643333435 0.6468750238418579 0.3203703761100769 0.6447916626930237 0.3203703761100769 0.6427083611488342 0.3166666626930237 0.6416666507720947 0.3166666626930237 0.640625 0.31481480598449707 0.6260416507720947 0.31481480598449707 0.625 0.3166666626930237 0.6239583492279053 0.3166666626930237
3 0.534375011920929 0.32407405972480774 0.534375011920929 0.32777777314186096 0.5354166626930237 0.32777777314186096 0.5364583134651184 0.3296296298503876 0.543749988079071 0.3296296298503876 0.5447916388511658 0.3314814865589142 0.543749988079071 0.3333333432674408 0.5447916388511658 0.3351851999759674 0.5562499761581421 0.3351851999759674 0.5562499761581421 0.3333333432674408 0.5572916865348816 0.3314814865589142 0.5572916865348816 0.32407405972480774 0.5541666746139526 0.3185185194015503 0.5531250238418579 0.3185185194015503 0.5520833134651184 0.3166666626930237 0.550000011920929 0.3166666626930237 0.5489583611488342 0.31481480598449707 0.5479166507720947 0.31481480598449707 0.546875 0.31296294927597046 0.5416666865348816 0.31296294927597046 0.5406249761581421 0.31481480598449707 0.5395833253860474 0.31481480598449707
3 0.7124999761581421 0.3018518388271332 0.71875 0.3018518388271332 0.7208333611488342 0.3055555522441864 0.7260416746139526 0.3055555522441864 0.7270833253860474 0.3037036955356598 0.7322916388511658 0.3037036955356598 0.7333333492279053 0.3055555522441864 0.737500011920929 0.3055555522441864 0.7385416626930237 0.307407408952713 0.7395833134651184 0.3055555522441864 0.7406250238418579 0.3055555522441864 0.7416666746139526 0.3037036955356598 0.7427083253860474 0.3037036955356598 0.7437499761581421 0.3018518388271332 0.7479166388511658 0.3018518388271332 0.7479166388511658 0.29814815521240234 0.7458333373069763 0.29814815521240234 0.7447916865348816 0.29629629850387573 0.7427083253860474 0.29629629850387573 0.7406250238418579 0.2925925850868225 0.7385416626930237 0.2925925850868225 0.737500011920929 0.2907407283782959 0.734375 0.2907407283782959 0.7333333492279053 0.2888889014720917 0.7239583134651184 0.2888889014720917 0.721875011920929 0.2925925850868225 0.7208333611488342 0.2925925850868225 0.7197916507720947 0.2944444417953491 0.71875 0.2944444417953491 0.7177083492279053 0.29629629850387573 0.7166666388511658 0.29629629850387573 0.7135416865348816 0.3018518388271332
4 0.30520832538604736 0.35370370745658875 0.3031249940395355 0.35370370745658875 0.3020833432674408 0.35185185074806213 0.2822916805744171 0.35185185074806213 0.28125 0.35370370745658875 0.27916666865348816 0.35370370745658875 0.27812498807907104 0.35185185074806213 0.2750000059604645 0.35185185074806213 0.27395832538604736 0.35370370745658875 0.2666666805744171 0.35370370745658875 0.265625 0.35555556416511536 0.26354166865348816 0.35555556416511536 0.26249998807907104 0.35740742087364197 0.2614583373069763 0.35555556416511536 0.2593750059604645 0.35555556416511536 0.25833332538604736 0.35740742087364197 0.2541666626930237 0.35740742087364197 0.25312501192092896 0.3592592477798462 0.25208333134651184 0.35740742087364197 0.24791666865348816 0.35740742087364197 0.24687500298023224 0.3592592477798462 0.24375000596046448 0.3592592477798462 0.24270834028720856 0.3611111044883728 0.2395833283662796 0.3611111044883728 0.23854166269302368 0.3629629611968994 0.23333333432674408 0.3629629611968994 0.23229166865348816 0.364814817905426 0.22604165971279144 0.364814817905426 0.22604165971279144 0.36666667461395264 0.22499999403953552 0.36851853132247925 0.22083333134651184 0.36851853132247925 0.21979166567325592 0.37037035822868347 0.21770833432674408 0.37037035822868347 0.21666666865348816 0.3722222149372101 0.2135416716337204 0.3740740716457367 0.2135416716337204 0.3759259283542633 0.21458333730697632 0.3759259283542633 0.21562500298023224 0.3777777850627899 0.22812500596046448 0.3777777850627899 0.2291666716337204 0.3759259283542633 0.24062499403953552 0.3759259283542633 0.24166665971279144 0.3740740716457367 0.2510416805744171 0.3740740716457367 0.25208333134651184 0.3722222149372101 0.2604166567325592 0.3722222149372101 0.2614583373069763 0.37037035822868347 0.26770833134651184 0.37037035822868347 0.26875001192092896 0.36851853132247925 0.27395832538604736 0.36851853132247925 0.2750000059604645 0.36666667461395264 0.2822916805744171 0.36666667461395264 0.28333333134651184 0.364814817905426 0.2864583432674408 0.364814817905426 0.2874999940395355 0.3629629611968994 0.2916666567325592 0.3629629611968994 0.2927083373069763 0.3611111044883728 0.296875 0.3611111044883728 0.2979166805744171 0.3592592477798462 0.30000001192092896 0.3592592477798462 0.3010416626930237 0.35740742087364197 0.30416667461395264 0.35740742087364197 0.30520832538604736 0.35555556416511536
